Country,1988,1989,1990,1991,1992,1993,1994,1995,1996,1997,1998,1999,2000,2001,2002,2003,2004,2005,2006,2007,2008,2009,2010,2011,2012,2013,2014,2015,2016,2017,2018,2019,2020,2021,2022,2023,2024
Africa,,,,,,,,,,,,,,,,,,,,,,,,,,,,,,,,,,,,,
North Africa,,,,,,,,,,,,,,,,,,,,,,,,,,,,,,,,,,,,,
Algeria,43.2571355101701,34.9550304930908,36.0712096675512,22.0028058469543,40.06015451613,47.3561446048651,48.3838944427184,43.8053997369478,50.5087984332409,59.7883069787516,64.0231188846622,60.3600981486161,61.2976522245577,67.2138331724444,66.5948870041919,69.0404831966997,86.5071093795452,89.0004006620552,92.7590539759759,116.423200916686,149.979322847457,150.242927019156,158.266147159319,236.768657198438,250.276061186033,267.213322792365,305.752900201733,262.745398746818,252.71665634988,244.072592103638,227.609468683093,240.154777531481,222.233660071586,205.240233008602,202.686217100088,398.506861475031,469.089243500253
Libya,...,...,...,...,...,...,...,...,...,249.053275768342,282.896680044511,222.723902006331,206.493183349906,153.138052232519,82.9539165458208,97.3394042640455,120.675219319011,119.187643496352,103.758874548291,105.817391753135,178.322037952642,...,...,...,487.979975127845,635.774559675516,589.306840789413,...,...,...,...,...,...,...,169.224760864363,216.492334202048,...
Morocco,39.4032881479336,41.756811828767,44.2820090241423,46.6961742869572,49.1332008028955,49.2422224984347,52.9002642104959,54.8942009902684,54.3931099132901,51.8658880067545,52.7069019319306,36.2157094617225,36.9654384173413,51.3737810898858,50.8419568500027,61.9059471960384,65.1137189659917,67.3653073053119,69.8355975941487,77.7464005411338,93.800435492929,96.0200346311322,98.0276898658233,102.254480134825,102.688943621455,121.088676602691,119.076838951476,94.9857123329859,95.5878839754225,98.2225683545753,103.69283475665,103.289770108051,132.740462535355,146.254596595624,134.513601385123,138.176324473467,145.58783143542
Tunisia,29.5434222193236,29.0219503531304,30.0868999197905,30.9631471477981,33.7108245279531,31.4828015179453,33.2143173890757,37.7105969829953,43.0674514235926,38.2697486644353,38.5794974940996,37.1888953519413,34.2246460817029,34.1869939708089,34.8174817729473,40.6491280240856,43.9335457696122,45.8784232668044,48.273074172038,47.2097141134701,55.1817259871304,53.3058927515006,53.3472537302265,66.0729419950242,62.2294647493486,68.5775202061632,81.031218812705,86.3738604485399,86.1446629352695,74.1048728545051,72.0945659375332,84.6732197908418,97.0217425611352,104.039801998949,95.7266861809522,99.3507268916982,107.327063983212
sub-Saharan Africa,,,,,,,,,,,,,,,,,,,,,,,,,,,,,,,,,,,,,
Angola,137.647117578054,176.388104977055,153.206749951764,87.2238677192149,64.9655449248737,140.568634779959,45.6596714522636,17.3616240915658,11.4666523198764,31.6966535997638,11.4204086229834,69.218559882721,36.6481214190847,24.5565561218817,25.7596151151633,38.015385216028,44.7669248796453,72.0764242404795,100.300810180399,99.6925925067103,149.437465631035,150.597773469651,153.261309712218,153.261311893907,167.866944166406,237.317424586357,256.740767769464,130.470751902543,96.4429496566561,103.106204604585,64.4784081394127,46.2108861577563,30.1811732519024,28.8814964355188,46.2549876564424,34.4832770079082,24.7112484626522
Benin,7.55092808566933,5.65653983426353,6.31101768780134,...,...,...,...,...,...,...,...,2.58783674963295,2.0385705463848,1.78839820270759,3.43966763334019,4.43327089318849,5.2004578466878,5.39667184453007,5.46056616785698,...,7.12041816390078,...,...,...,7.63599092553868,8.15118544583997,8.5579519775558,8.12007199308628,6.90332824879072,9.78621354625378,7.38719505360172,5.42512069357529,5.56813602719868,7.35723371166631,8.09792935718235,10.6958007754229,10.7858146509509
Botswana,76.9680580920106,82.0418322381569,121.312763852132,130.211026569709,130.872092358626,132.622487764931,118.356779385684,112.077012027773,92.5956092024162,103.286792222795,113.940243773327,104.420416356504,111.276141332602,124.083831006938,129.293961148717,171.030885101589,175.342767805774,155.697062592167,146.975915322475,161.972200165208,172.228111030919,167.587451136792,173.38275747999,176.800234137735,156.24959925946,144.206387565557,160.612857912958,175.38385628106,231.844727007524,232.088163267713,218.172331298578,222.341654528103,212.442520016861,225.191104030836,211.870945890422,197.385313027206,227.038245281343
Burkina Faso,6.67213712184808,7.59019722471025,9.34456271267101,7.48982136027379,7.47887459884741,6.20853170877814,3.02772598438973,3.59531983180115,3.53059640112855,3.57202059245169,3.56547247043433,3.6599014008749,3.12120383583467,3.04253801677226,3.40183033955193,3.94137710593791,4.94349683201882,5.38452254304751,5.13270209409042,7.38622514642891,7.78129734462296,8.22566515663018,7.76038109685469,8.45980991907859,8.73571633368578,9.52944506339358,9.86617874791413,7.99560786207602,7.84482040767605,9.73980928604294,15.1586892255594,17.286720961979,18.0246325161643,21.0819347890738,25.2823723337351,36.3328217017404,43.9608442902421
Burundi,6.44384752243288,6.99968268066384,7.16266004281406,7.57338508896217,6.76613613866164,6.09024392723829,7.7625013956045,6.98439706084644,8.33780812297406,10.2484882930909,9.62412522254811,8.0642940939604,6.60964426296675,8.1429360725681,6.67113295506886,6.27630494548766,6.25835106638375,6.65017839302052,5.79017247720461,5.78280547223211,5.27372774756155,...,...,...,5.96647397310244,5.93230335249461,5.85529981543888,6.02591843675704,5.97956302995838,5.62378374093707,5.61687512985369,7.01710281864294,5.42352646220537,5.34482897958126,7.72067447215444,10.7500016033137,12.3841286182528
Cameroon,14.6614764667955,13.5475839413593,16.175004115554,15.4968556554346,15.5299230344427,13.8097569906913,7.54388542116839,8.81729156957798,8.83471620132106,8.73261135809355,9.83348223341589,10.0959071038037,8.36001521059232,8.22754225360701,9.3886023145629,11.8255743967614,13.497828258332,13.2473054122931,14.8435983206569,16.6759733197486,18.930856765205,18.2200187890621,18.2615224799884,17.4191841623688,17.2766359481209,18.6153926408054,18.5019407474607,15.7826520899942,16.7656683920979,17.1501985434497,17.5767511886642,16.7877070952194,15.2105576851055,16.6893853337478,15.2793758852942,16.3072037962721,18.6048422615956
Cape Verde,14.107144922006,...,...,...,9.14627933287371,6.87289801005485,8.45172139728743,14.9918599857583,10.099383383869,9.55649739090234,10.3512726574287,11.2973684154281,15.1134951071452,10.1500135061236,9.74323046895233,12.3038971124169,13.5549380076147,14.6938102647149,14.3138418842111,16.0802825796098,21.5605530421617,16.6724747869688,16.2192308895564,19.0949834880571,19.016378591137,19.1712336612247,19.6266837302757,17.4262098732174,19.8656572308867,18.2346669908024,20.8851289031892,18.9261888906353,21.9441013688365,21.7742202511764,19.7889348903835,27.5507453369141,32.1130246668767
Central African Republic,...,...,...,7.40424680205835,7.70280337862001,6.15973306614386,3.33221484701984,3.93415240513002,3.59982838436997,...,...,...,...,...,2.70224208465086,3.70015431368729,3.64205206614917,3.63203459558168,...,4.32801624630705,6.98857480442868,7.80915260512299,11.5948020910216,10.9927989263652,9.30677665703014,10.3550651358921,8.24892824773547,5.81784000497585,5.74705479121729,5.78194246226838,6.32097108816447,8.2730100748027,8.93934651811227,10.900257627515,8.18589020784757,12.3449203975212,13.5830095316655
Chad,14.0904629488653,9.85932504690804,5.80485839206267,...,5.5523537839829,5.95112141004438,3.32093826425581,2.90518244945536,3.4092846208848,2.20469731710306,2.06369409076464,2.59464969053749,2.55066119917672,3.02661553396872,3.82961847799902,4.41364077592843,5.21147671871443,5.47145710598132,21.2090024117255,35.703817747377,54.281502906602,63.2190055686736,50.8981740187119,48.6753147921939,...,54.0600830480967,28.1399135536999,15.3109077501583,20.8294598120584,14.2565908355748,15.9449630518556,14.2810863984305,19.0639186638752,18.8990566513638,18.2851108443735,19.8610323808269,28.068004033251
"Congo, DR",6.35277913051676,1.93223065750527,1.27441704493175,1.17594071559868,2.21998895194507,11.7493189795135,...,...,1.98399555470207,1.83834907063381,0.573149395019133,3.10136206485706,2.67409537970941,...,...,1.44264877524581,2.45212552156134,2.85500839709489,3.43635168341977,3.33437141371566,2.52323650189232,1.87202488803584,2.72311235242702,3.42721167994195,4.61636902984994,5.02759858965439,4.42602807453418,6.16314829735866,4.80498482554494,3.45087400142109,3.33301394417828,3.85550781133796,3.83518811540012,3.13711380446886,3.6838867861018,7.63234385009345,8.36329270437736
"Congo, Republic",...,...,...,...,50.5707323114134,42.8651448907854,...,...,...,...,...,...,...,16.8563292665547,21.3285762298506,27.6872361856424,35.463177573889,27.8235661785607,33.6085081780314,42.9981039151924,51.2646456815521,...,49.7700366080973,...,...,76.5021457840017,143.38765854514,...,97.2692663186347,70.3626664920181,53.9624197286165,54.0456286431254,52.5043448790167,53.7711836975175,44.5904013300345,46.6592059043957,29.0898693706837
Cote d'Ivoire,11.583529568535,11.285092567745,12.0500252838728,11.5975144353974,12.1200691242326,11.0394562062496,6.00168826460965,...,6.77848399621045,5.94190668758245,...,...,...,...,...,11.2756111663598,12.955144031087,12.6007553240744,13.1659155883822,15.5683452867997,17.3409126123635,19.3086207551856,17.4314167507758,15.7171875528573,17.546882522848,18.1397853126551,21.5628579983052,22.896769354684,23.5256415444071,19.0229731196438,22.4298235381732,19.2594287114049,21.2604485597101,21.7831077381033,20.2374758233877,22.1601192616039,20.8683028470308
Djibouti,66.2258417097526,62.176107494331,56.8851695291719,51.9191552096068,51.7319064930208,51.6038979384257,48.9809542970633,47.222019331467,38.3837376794608,40.4153048982759,38.9282490360665,37.6110288762799,35.3601382528502,34.3190139947784,42.4119828270154,51.7518907136283,45.5557841346556,53.9029574445338,58.5293311029934,39.8599444729993,41.0813536529061,...,...,...,...,...,...,...,...,...,...,...,...,...,...,...,...
Equatorial Guinea,...,...,...,...,...,...,4.40611359100926,6.1569199630456,...,...,...,...,...,...,...,...,...,...,...,193.986533338448,276.183640411205,335.37203593988,...,...,...,...,121.29662820211,96.1896703331988,93.9910990153963,88.7363917839288,94.0835053771787,90.4667882060276,95.6825953921152,93.7829105248953,87.9863271155062,88.8725447411918,60.5001270347462
Eritrea,...,...,...,...,...,59.4250685235678,42.2318647764069,64.7985224880585,71.7924604243283,43.4252431686259,121.25481129519,124.478437306215,103.300550770322,73.662204939822,63.7751375687056,74.9726131291957,...,...,...,...,...,...,...,...,...,...,...,...,...,...,...,...,...,...,...,...,...
Ethiopia,14.2117019337964,17.3528818333911,16.8025407555058,10.9083635701497,5.01292662218325,3.10492505353319,2.72094852948821,2.16452466549502,2.16165632294452,3.72978647368648,7.35173753785689,10.9347349782752,9.30102588489947,5.11206343091738,4.09560057068021,3.83192838583593,4.15044833922212,4.43016899571231,4.34706140465646,4.39812308251849,4.60368824785536,3.91429555316955,3.40190963583964,3.62026584910477,3.8798693545974,3.55278420431431,4.15506481905195,4.31827617810731,4.65704478202532,4.74970144825239,4.6510820872265,4.69431420091504,6.43211417754472,13.2369623353399,14.4302879294644,11.0922009400167,7.07042509964812
Gabon,...,...,...,...,...,...,...,...,...,...,...,...,72.514068465579,69.6874127178354,71.3588285222656,79.5278218617185,89.3089625793217,81.9080655037758,87.7021665332782,...,...,...,159.016866217701,151.98019292402,153.331839650857,150.086908287209,106.950037686606,84.7212846043018,97.931139874651,125.61332588202,119.550295221783,119.142498267794,114.802438836298,132.534012185289,115.505311560137,107.96818658742,127.028630862464
"Gambia, The",2.27522395657052,2.75049328398802,3.35747200746454,3.71055865662926,3.11815484617425,2.18868892776351,1.91637691975615,2.31665466092973,3.06290431137442,3.16393083201577,2.98201179910805,2.52081406628833,2.31605029393131,1.66388488163944,1.49127766605899,1.2839729673683,1.20787711059943,1.81574517833019,1.64870961170085,2.61323341400854,9.58321242987486,3.84777634226966,...,...,5.55046192782444,5.00670076868473,6.84159807166795,6.50939950128748,...,...,4.84488610013105,5.95405527255902,5.9553563675598,6.23498030904343,5.92719962687312,5.23094693751451,5.28899879233099
Ghana,1.57446213684882,1.5270949810199,1.81697397525862,2.65695126831214,2.60676944531233,2.50224742645037,2.25245657636357,2.85299070979931,2.52316590641654,2.52446634960886,3.11213291053498,3.13390224167486,2.62484437662408,1.62663484834883,1.80853418164771,2.53374037722244,2.61151318363583,2.89734920790407,3.33007685898746,5.40179044528132,4.74705200451234,4.81737910386943,4.86612906146326,9.08950657788986,12.7701996479848,9.42409111514592,9.11646942760391,6.71649906598423,5.57323068820651,6.3701529636362,7.2029628249479,7.53885867195861,7.59882049742541,9.26365997197951,6.98360897350303,8.5270844321761,7.87899335738981
Guinea,...,...,...,10.9180250113564,8.15922009893792,6.27233219074141,6.32801041644303,...,...,5.63430981661104,5.63776706512515,6.75283590897897,5.50250553197443,10.314957528081,11.4371344649334,9.59119349156818,9.03217057948692,...,...,...,...,...,...,...,15.6560716904164,17.8052022430062,17.3826645854581,19.0611425886886,13.5808646126211,14.8542505618699,15.7123117557583,15.3703039567569,15.6789040134877,18.0619342995423,31.788788252013,35.4675086292976,38.5719346111427
Guinea-Bissau,...,4.6681317418595,...,...,...,...,1.87428323894662,1.99631760876909,1.67645199357793,1.57386244363624,2.46618703350292,...,7.7998040979222,4.95445794485136,4.99066177975664,5.75549212756345,...,8.87646507854748,...,...,...,9.12049349846394,11.080082902946,11.0395742603877,15.0348377416568,12.9771623720075,12.4903032045717,9.6581390547337,8.69545520603024,10.2544125886908,11.1570681540611,11.604751829033,12.1375686479473,12.6098921049239,11.7861086177711,11.8799399579936,...
Kenya,11.9616000520486,10.5188491687892,10.9516725308188,8.24278439496819,6.49854658370354,4.27037237152341,4.60466553999562,5.68354508640845,6.33314112926783,6.34370794928514,6.03700239677788,5.18650020288931,5.48729902072914,6.27981374152227,6.65736586886384,7.42321885289087,7.60272263819931,8.9861997334161,10.3417045942042,13.2025113205296,15.024659120253,14.5211302056055,15.1686178105069,15.3284845623578,19.3882293603973,19.3610712768795,17.990656477607,18.1133993773109,19.6030042552431,20.8587847321411,22.4002003710113,22.0299108428956,21.5696172801829,22.5887154429726,21.5073173655191,19.2319518969674,22.0332552527811
Lesotho,9.84695623073167,12.8614673094121,13.4779321338898,12.216961365954,13.0448290073246,11.7270574085671,13.500432807993,17.7181883872542,14.440809125852,14.4804924018245,13.9453467161635,17.0220712721875,15.2396526289175,11.6778479434236,9.78484062109418,13.743726540741,15.8600076309048,17.1267926233533,18.1289651600964,20.4595128733672,13.954429520688,24.0120409986269,35.5437813722781,29.0266071622285,26.304419872876,23.4431213556709,23.0625706132663,21.0448978249357,19.598272727848,24.531161554383,23.531957490702,20.4123657090532,17.3802144606008,16.4713450201247,15.245602417569,14.9896590580507,15.6178902735865
Liberia,10.3648424543947,...,...,13.1995776135164,11.2184249628529,14.3226716839135,17.9862700228833,...,...,...,...,...,...,...,...,...,1.45404884318766,2.01967520299813,1.14720588235294,0.804578447794528,1.30324813631523,1.734302624807,2.2455,3.04602866164683,3.50959537572254,3.4181180728342,3.21553441026776,3.21089173356476,3.12356687898089,2.77707205331112,2.70200163398693,2.58381734428199,2.5325873576757,5.7104707012488,9.82273240496801,11.5070863243144,6.0913019989195
Madagascar,2.93658532314222,2.62246124015264,3.19536242657811,2.83670514408556,1.83237891536301,2.91140455710791,2.05812593644799,1.96504405310613,3.46335846941633,3.56332135406414,3.31101183045153,2.86072812784771,2.9038586919648,3.87705308226286,3.33950591833863,4.07193098367913,2.97091410015998,2.86143460556399,2.7732121621618,4.09275442895525,5.00904785069059,3.34347046408826,2.60349857721252,3.19912047333143,2.96599186743631,3.02223750133298,2.85151034390457,2.34848361186905,2.30570636337437,2.53048752591404,2.69957715438989,2.74931357875916,3.05596278140488,3.38276047998188,3.26500014047876,3.30594752594688,3.8518667025239
Malawi,2.36180970487474,2.54055267644842,2.59053511205317,2.44221318767586,2.52836269112915,2.50078370178909,1.65961119423951,1.09927537342892,1.96606858775254,2.52606534707503,1.35652487060238,1.31943747607148,1.04897150589604,1.10739737143216,1.26258477884641,1.09078123004874,1.78062083179779,3.01725715738871,2.38882439510235,2.51061836607237,3.22906691384784,4.14562376255828,3.42146744512736,3.5100267871773,2.9804955243702,3.94938304723191,3.01736033623467,2.42054325221017,2.06409850376292,2.66429943624337,3.19253806475954,4.53722887796054,5.12833233541728,4.67763711736108,5.78906460141218,7.18006703502426,5.50102893641962
Mali,5.48384535089792,5.17001560441543,5.73952564206947,...,...,4.61016773606483,3.0329545733985,4.01637148732802,3.85497962553255,3.82723821923472,3.80769390106576,3.96282277287253,3.83572599951758,3.82622764074826,4.0809678872158,5.34837612824546,6.00716417042705,6.49175805628413,6.97709999034881,7.76208776648689,9.72505110620724,9.51103703383669,9.35840265927855,9.93907279067362,8.8965385687327,8.95371035890236,12.2966739838175,16.8927265993694,19.1907912623683,23.6010150247906,23.9344256211986,22.9145919772612,27.7767017557845,29.6119082586404,25.6068261931195,33.5354035047499,38.5241074894868
Mauritania,23.5012925696384,20.6477559780289,20.8952768784497,19.9195472168584,19.3127386736378,14.1112713917752,13.3309968724837,13.9868190858627,16.2120285618337,17.4787569601672,10.4832942418885,12.7532634126906,14.6986077840894,19.566977113132,13.3977612315162,22.5448195982092,...,22.9623274710606,27.5314891407047,...,39.350154383049,35.5163406656189,...,...,39.9718854903827,39.2103000183751,38.2074203806761,34.0325698135482,33.8049381290385,34.659912872032,37.2135157922739,36.8918571050656,43.7966109010033,49.4826425710487,46.9190371718592,56.0148537439874,51.0219770981419
Mauritius,4.43547995614,5.91397368410408,8.48758825459556,9.57742690365554,10.2951337273328,9.579933514657,10.3981195276782,11.6629397056097,11.1265163707252,8.31367807038662,7.10650329811452,7.53400725805811,7.72288995936044,7.34633009908084,7.72523244890683,8.79073298964216,8.77619736503357,8.6811387928142,8.57594879636859,9.18096980475693,12.2485762142276,11.9938260536902,11.6115666763951,13.6386436085415,12.9365136780314,17.9851909891946,15.2819056368159,13.2249267906469,17.0274288143717,17.5317634710508,17.8429928487986,17.1826234158839,14.3800773449815,15.7811449266833,13.9942065495764,15.6366398926087,18.075297192234
Mozambique,5.00060305406935,6.16186920143628,6.51663839664639,5.43636608513707,4.41619709353376,4.32385158050837,5.06990620116299,2.13221333335079,2.22099044624752,2.50698865214533,2.87409237157784,3.22213179327691,3.08781630000483,2.76155024450418,2.85460586601003,3.11763731238656,3.95811991308251,3.10200583476601,2.7961803025631,3.26290244658648,3.88569167402884,3.81546998882992,4.37191165876155,5.09957885179782,5.79875576717388,6.39550041976506,6.83660236051724,5.12322171035018,4.10127382895468,4.65947104371735,6.87379171969746,7.38499990796509,9.50596708687642,9.92189519725227,12.9670306296045,12.2023833117905,13.198024828409
Namibia,...,...,116.668497155157,103.925139832153,86.6211921622619,47.2427746323466,37.155247981749,43.1876710035464,40.9006370372623,50.1556237279987,46.1206478426424,60.2655026599454,51.3892082802059,52.6140198202457,46.9292045752812,67.9522779669726,86.5270351726162,98.2968888460487,100.838395715057,113.802829715688,131.028553731945,145.255106810996,189.459675779549,208.552620815822,190.287859484082,175.420034486025,235.519725545453,221.26545049379,176.803179387827,184.49884499233,179.287321646519,158.461343278543,136.988370121852,144.476402370842,128.246674417563,115.917053236522,120.878020110924
Niger,...,...,...,...,...,...,1.88957648889038,1.92978820204467,1.76129133238597,1.69467518454286,2.08730615129971,2.15545200936539,1.77617144354405,2.12007061169151,1.70310172344116,1.95769152082458,2.42681749822782,2.42859668156493,...,...,3.55710595503564,3.3872499986547,4.11857899404369,4.97998228533857,8.50904714893423,5.83476104591308,7.71924344486633,...,8.18318441717281,9.50405592604885,10.5300764005794,10.9727083855693,10.2138883889099,8.39573905769463,9.74041235183993,12.9015163184862,16.3914155568356
Nigeria,2.98624273334233,1.83052395333113,2.89433740210841,2.47580414511148,1.71929784983855,2.78803840273977,3.00171345590077,5.84643110487405,6.24749827275232,7.10516084397508,9.72076612157131,4.0493108160038,2.9568643779972,4.45489759437826,6.81368948306056,4.34159993566428,4.60110044806204,4.71411592023703,5.27934414164372,6.42667596456688,10.3963011083803,9.41510167472826,12.112302005175,14.1136342057027,13.3301004722208,13.5410704657304,12.8500952134657,10.9684558212753,8.92736312081416,8.19368133549228,10.08182563382,8.97679114781326,12.1276362114274,20.6536717153849,14.0819128882849,13.7531189733577,4.92160811946133
Rwanda,5.33989607272658,5.88137319972793,13.0461787484242,14.1217055974941,11.6616418700148,11.5089610550649,4.94574232600573,10.4652088839995,12.3692397586115,10.3540903827391,10.8215503306932,9.96209506950412,7.49753754515839,6.89693296937846,6.13963657429412,5.33352241950649,4.73744379834071,5.03652920185792,5.9463376610061,5.89838064354113,6.99187347565926,7.57938844685271,7.31322183594593,7.2165353778054,7.45667788917454,7.52629944158468,8.09919782834745,9.00471391231281,9.10761683378801,9.59509224286934,9.63700373029935,9.82214634475081,11.4444494920887,12.7043980791708,13.069980336142,12.9995659985026,12.4715993609352
Senegal,14.6539462189333,13.4707219103592,15.5342587332484,14.0486520636789,13.6279165845057,14.4817660285201,7.77191147832823,9.26128884750438,8.90444035562035,7.71666509894286,7.99519323351875,8.14281320443982,6.33241801786928,6.82835631093554,7.19371142799568,9.14171814868068,9.91552391230837,11.2035082221632,13.0689843794915,16.5728017459692,18.2136801480929,17.6215440069717,15.6787001687275,18.001904328646,14.9768859196082,17.5491412867474,17.2188942371738,14.9466336304421,20.5727193361086,20.0223704767848,24.538538585692,22.1160776019431,20.8567148763134,28.4132952957917,24.1476193775061,25.1297758928301,28.1573318738179
Seychelles,168.72323260092,178.581151400033,200.541563505082,223.806845086369,273.331797468948,170.392671053165,154.379171994375,148.613348612509,133.45951879897,144.282955365816,131.779734293136,136.915400701811,124.407729591407,131.730905400398,137.646305285362,142.315219297203,180.99173553719,165.474974463739,159.626516867594,166.776960299179,120.921849981785,93.0236820808888,76.1442530553437,90.7573432409875,101.266426009984,136.30149825727,300.088861338712,170.767441281243,201.100957726526,200.819236616936,189.135507142351,202.553923408923,163.135053461683,328.743431365469,197.627718981919,261.624103366901,208.223796060529
Sierra Leone,2.32134853725039,3.61046203306561,3.03534759679412,5.3743913089696,6.37841017178042,5.61982449049643,6.36759233174768,5.97928425113606,4.45550330260103,2.24633129065093,2.34802268232029,3.9453299569085,5.38729012053775,6.61750765645012,5.57738168091042,5.60613107381875,4.35124825425859,4.33421608999058,5.03186541231509,5.11916834132671,4.0635395353684,4.42304265705531,4.08113965660355,4.04127282785175,4.59952613288975,4.77758435033554,7.18225879748621,5.63842378407938,5.25561626205198,5.42756802031326,3.96711907052708,3.21310308023945,4.16815862928011,5.42576864873105,5.10638977830017,4.52035735943184,4.26131753332721
Somalia,6.74846625766871,1.19971969166083,...,...,...,...,...,...,...,...,...,...,...,...,...,...,...,...,...,...,...,...,...,...,...,2.06173328056985,4.59844322344322,3.43381215469613,3.39810527815371,4.21701459953609,5.04527182866557,4.55944055944056,6.0100783737448,6.54266352386565,6.75284543592078,7.81842382563363,10.8024189232581
South Africa,112.473599008685,107.068627868241,108.571312815138,93.8251352446023,87.3866845850164,76.0264777167475,79.4396376102362,74.4577344997477,57.7698629327026,53.1959303144138,41.4705781846386,37.3803472352092,40.2794637163191,38.058541576539,36.9635801862799,53.3397488216354,63.5823049468873,72.4374277115163,70.4921721386694,70.1503062873276,64.6848379157738,69.8545177426621,80.5014433591514,87.2385036258886,84.1866544646313,75.9312722809083,70.617098584377,62.2245438270696,54.7118654632921,62.8534259703178,62.3244235773526,58.1330341736928,53.7794858662392,55.578934442772,52.4110832506816,45.8057875203188,44.5708814238467
South Sudan,...,...,...,...,...,...,...,...,...,...,...,...,...,...,...,...,...,...,70.9175031414292,71.9049610765416,104.219359020059,67.5039991863549,68.8575762004729,104.863230438155,93.7862758565593,89.4663858279389,114.601164368127,103.655212522221,12.1904290749184,6.85623267416938,14.9691189457376,18.1313363043428,12.2067999361419,19.6771887692372,47.7692195655993,96.5431173660987,171.564329365478
Sudan,17.6545570427024,...,54.0289819614559,61.4007424434034,8.09439312300425,11.1405231221777,9.5292409403578,5.69747990728503,4.25501391243983,3.83668430561349,9.94976729604331,16.0359037529786,21.3785064553766,13.779694554152,16.7858421556067,13.4555791982486,41.0781972875482,37.6911558465395,52.1204198624453,74.9813894389081,97.3462002412545,93.3021300671985,...,...,...,...,...,57.8305294290037,67.6473535871788,104.633646463204,24.06758813908,16.0780058194373,20.2345725690545,7.91521009595597,...,...,...
Eswatini,11.1940311359393,10.6352332888115,16.6353352784018,17.9852104603286,22.6527366781594,24.6871464248933,26.2770307118765,29.9683538778102,27.0271040021949,25.6878029254526,25.3760656217172,25.2226966903255,23.620714797588,18.7822876872111,17.3659474630947,30.0354571353984,39.9023806631269,55.2710724003289,54.0855591986867,56.9250383843138,60.9303749537602,68.8853157789725,92.0868005102659,95.6317568800009,80.8561956050918,76.3446111409184,71.8055286880265,64.5543948572644,70.2685688506618,76.1169324616088,82.3568559476766,73.7072282549808,64.8061603170552,68.9937628296226,68.590750602372,57.5619349062302,64.4460069645215
Tanzania,5.10838882622034,4.19555224038886,3.38135628348686,4.08930428720513,3.57379541322294,2.11243531021894,2.02229507985152,2.84865105723759,3.28601825996294,3.80823939563554,4.19445094411628,3.91427877513364,3.9990510672809,4.33775170737178,3.94831725360585,3.42282106061812,3.39411634467893,3.61064324886617,3.71049395304237,4.06792812715903,4.61784534825035,5.0887286177055,6.40548051135127,6.7756888466964,7.70649997482896,9.22382295273426,10.2318683110606,10.1141491628039,10.2841811471363,10.2813286970012,10.6046428719369,10.6168898687464,11.2639269710684,12.2708583727182,13.721502622341,14.4120181510183,13.6264743832128
Togo,11.6049265884678,10.9411968529519,12.8770240521737,11.3149046400938,11.7665756710907,11.6812939047447,6.16109288978813,7.13519259575023,...,...,...,...,...,...,...,5.26021005053684,5.64104944653864,5.76049138529225,...,...,9.08512976376892,8.53022080972677,8.55787427124101,8.64872127818949,8.97860603224947,10.0680157526373,11.2605057686501,9.24767738073816,10.5695477335458,11.1114886165854,12.7962479643271,20.4027311525226,19.136922386327,22.6548028989323,37.4717046975079,30.0510087732504,20.7551369764717
Uganda,8.6940286920457,8.35551808700488,6.18998173318621,4.12040553286293,2.83500438642247,3.27751820588293,5.26456584831739,6.21404357156542,6.48033142898256,6.47269252164133,6.98728802928973,6.97704544750705,5.98108046055117,5.58594225796304,5.66139489226832,5.87205864281731,7.32632605964873,7.86336071196848,7.70245130800588,8.62949227864191,10.3637722018694,9.47230123469654,19.0726912510766,18.4724821509483,10.3964968689027,8.61469219911827,9.08632647564138,8.28537741344446,8.35808462427,8.78191976296563,9.99211056579436,15.323252181123,22.5154841822912,23.6080477783344,19.8258272382776,20.3551611313508,22.6376759245181
Zambia,11.8953176529807,22.3718128872557,18.1222746181748,10.9381491721024,12.1000470327067,6.1786458603056,7.41997757523491,6.36699727464892,4.25505100865993,4.75674585841821,...,5.84089027644652,...,...,...,...,8.81267061330307,12.1133414644649,17.2680338536356,18.8262817670126,21.7366428870006,16.6751404271639,20.4069758595329,21.7670420499863,23.5996608348098,25.1663566345078,28.3544050198105,23.0689111068769,17.9850333199261,19.7755316353074,21.3489259026906,16.0118668190409,11.2919799537747,11.2547716081797,16.4064784703471,18.4616767578377,16.6366071837428
Zimbabwe,43.1242716389448,42.0024671052632,41.621675664867,36.6092289719626,28.1247034260226,22.9849098270151,22.8437154441578,24.1325500275381,26.3817277250113,27.6529615487079,...,22.4935952177626,29.2088394062078,24.0358819584172,56.3415446071904,16.0210543630233,20.8109865106452,10.574601641719,12.893708635675,...,...,...,7.42226081703541,14.7318485523385,23.1959769696086,25.6342076895437,26.0823354354142,26.3373654034401,24.700951986755,23.1568854131248,28.1745308310992,36.1039672585649,15.7320769024772,30.264704644015,20.8796571872047,53.7205170577592,5.9712521371688
Americas,,,,,,,,,,,,,,,,,,,,,,,,,,,,,,,,,,,,,
Central America and the Caribbean,,,,,,,,,,,,,,,,,,,,,,,,,,,,,,,,,,,,,
Belize,...,24.6066384180791,26.3466850828729,25.5831081081081,28.0006613756614,31.7636010362694,40.0983502538071,40.0640547263682,38.4824879227053,43.9018691588785,...,...,30.0258438818565,30.427193877551,31.0711805555556,32.8931730769231,35.3960820895522,38.8078351449275,43.2501320422535,47.1201198630137,62.3924583333333,56.0634334415584,48.3824921135647,47.5810185185185,45.9792296072508,52.6002218934911,57.7300724637681,55.8572946175637,60.3135763888889,62.4822493224932,61.9128978779841,63.7727154046997,67.0755798969072,67.9475190839695,70.0378778337531,74.9181066176471,72.7966183574879
Costa Rica,...,...,...,...,...,...,...,...,...,...,...,...,...,...,...,...,...,...,...,...,...,...,...,...,...,...,...,...,...,...,...,...,...,...,...,...,...
Cuba,...,...,...,...,...,...,...,...,...,...,...,...,...,...,...,26.5261713653878,5.52762753208187,6.9809955440454,6.79388307870029,7.38795097186457,7.88815489127254,8.18759896095628,8.34609888807078,8.29670708842114,11.2236594741716,10.5630206965045,11.1243816645851,10.4965898778809,10.9694799475436,10.8858517504566,11.4451479003275,...,...,...,...,...,...
Dominican Republic,6.97278029845755,7.72479072715484,6.7550741149492,4.6906032314632,8.56078666189691,12.7634544888726,13.1659728300064,10.8061379880112,13.4406848679225,18.5890425451706,19.2955351573129,20.8905894451803,28.9854191122115,35.3519389798495,30.9165036049814,17.4725238941893,16.9038552459819,29.6967577072069,27.9233439397621,29.237676182457,35.0613772318998,33.3079299500021,36.3694559161428,35.268625932227,39.5870482182323,37.8348222703641,42.6691824323902,44.1410136397803,45.7139482339418,50.2472577831531,55.3546594023221,56.5774006766327,54.7129898071133,55.2464504078846,69.179745640599,83.8806853834255,86.2031608523391
El Salvador,34.7974616363464,40.5848122909702,30.6387531111346,26.6288419471742,24.2226961470766,20.6837214681564,19.218583155731,19.4522214553728,19.1582845560214,19.2605121476557,18.903407156163,19.4546797334038,18.612195663524,25.2898202240613,27.0446562970396,21.1211211211211,21.3226719973347,22.1278721278721,23.6636136552873,27.6,28.7375415282392,31.4456035767511,33.1792670848465,36.3053133739102,36.758439855785,38.7691805419523,38.0263371809462,40.1133603238866,39.9806232843533,42.0196488967628,47.3801865551624,50.9885870438836,55.2627350152659,56.2885046429715,73.1833998403831,72.2425205189304,67.235926628716
Guatemala,17.4261037086898,17.5230626773163,14.8568335589848,13.0380133832287,16.3671518302084,14.9684015939031,15.4416737729951,15.557934514903,13.5308636047229,12.3251079923217,12.7141112871622,10.9691690475278,13.6499561386162,16.6313563975988,13.0807069677644,14.4333759043702,9.0717212217343,8.06700230588812,9.87047702667317,10.0618752558862,12.0691589926815,10.4732180506327,11.8277263949388,13.4821872906465,15.0178409404106,16.3883105891176,15.8141535811527,15.9499292794662,18.0522931430872,16.7467299077426,16.3424471543817,19.5466488982565,19.8947403230468,19.3102087178734,24.9212125287489,24.3352426503674,22.7311981403815
Haiti,0.296544309629857,0.311864279265724,0.358313679245283,0.348843660264541,0.240645204307596,0.201116183728028,0.207895740627615,0.255233026467679,...,...,...,...,...,...,...,...,...,...,...,...,...,...,...,...,...,0.441592922825341,0.514279445626751,0.539243842557929,0.621445934093093,0.606899353020067,0.890997147785135,1.07241934473553,1.41686534283161,2.58401769860283,1.11072987447214,1.01870159395909,1.68740634449568
Honduras,28.436018957346,28.9065772936741,13.6702543853062,9.38390207990231,...,7.59312927971037,...,...,...,...,...,...,8.0860661058433,9.4409083052813,9.28770094276883,11.6937226904833,8.40085818339718,8.47060154415595,9.98888987052832,12.3837258162728,16.7123170922545,19.3559507809844,20.5589489844344,23.702638813053,24.3052473611063,28.8652132185658,26.9483057234989,31.4916833525873,35.8409795493752,38.7293259407105,37.0501844242947,39.8447473451822,34.0088147981863,41.2274146108529,44.1830452030059,49.5509624201895,54.1473359276288
Jamaica,13.2303583494869,17.3890440116342,16.2911158470807,13.3439232881886,19.5656416361448,18.2776280441287,13.8930182520734,14.1876324794737,16.6366496474848,21.6303662765783,18.6167326605115,17.4926634702716,16.7626904545096,17.7272103544614,21.6096266981789,20.7043683718501,20.4627137841682,22.1379762384883,26.9656729794719,30.8389741866764,48.0511656819382,42.0389351317465,42.1332103421063,48.5252577442598,49.7417801474924,46.2315777579346,43.495963983498,44.2652379280204,49.0377847592568,51.0293478232847,74.4058981070064,94.2647322857936,83.8462554484216,76.6927385183308,77.6789894674882,81.1127529439852,92.4335457655743
Mexico,12.442687012275,14.3317448247974,14.7634970654128,17.4489798371493,21.4051087675595,24.4439366015577,29.791696290721,17.3504405009091,20.5412554974062,23.423575665176,23.8736651211762,27.5341153300436,30.9708166988954,32.499439231498,31.4621804806958,28.9481348433899,27.5286047075098,29.7188865610322,28.4927294461325,39.1076320389305,39.5627589687409,40.6011054929524,42.4503065995775,48.0495883321361,49.2618571925412,55.0521710663842,56.7456768817618,45.3981090775363,43.8595650961509,41.2147387749856,47.1012701529293,53.1346280154612,63.6678685291507,68.2235489619656,78.6011354713349,91.5523608087917,128.360695061649
Nicaragua,...,...,277.704418964495,16.0694242453681,10.9538175910884,9.12632537878048,7.86350390883017,7.63973275242712,6.72497345057591,6.34472867367692,5.4189922720336,5.47426909586061,6.17864615768263,5.57623624299625,6.80443642730258,6.81604729378255,6.22435428381081,6.43355466654271,6.93032437430311,7.23196112084989,7.70448415792155,7.42909061697626,7.77118534686529,8.90500365765037,11.9680835836927,12.5411426783228,13.5090340151332,16.1972736003654,13.7414954682457,13.8229908892595,12.8332703198923,11.9421774059787,12.1598941920875,11.7970704471455,12.5993488724796,14.5481682902379,15.322273116432
Panama,44.2200257842716,42.8511354079058,30.094689172499,31.6680096696213,31.0848126232742,36.7851622874807,38.2286146858441,35.817575083426,36.7732558139535,42.022792022792,36.3001745200698,38.1799521040027,...,...,...,...,...,...,...,...,...,...,...,...,...,...,...,...,...,...,...,...,...,...,...,...,...
Trinidad and Tobago,...,...,...,...,...,17.7467686162321,18.8348774988565,...,...,...,...,...,...,10.5487448708344,14.666754503427,25.2708292169696,56.549292461144,72.4632015788214,85.284474610574,91.5936231814685,101.605884341062,100.744516522765,103.444009225409,105.018472494414,120.630766585884,149.982972968549,133.299793053225,141.829407340168,150.925792047278,140.051771870473,114.488641426347,115.711501901612,115.138778434627,141.964030351464,145.551776531815,162.196432852657,155.740227195084
North America,,,,,,,,,,,,,,,,,,,,,,,,,,,,,,,,,,,,,
Canada,370.450862158169,396.01793384323,413.663544498571,405.163598328941,380.839532773483,358.160602072766,330.368321482854,313.162159035203,290.939571528292,265.537254198257,256.593416253968,269.54167618155,270.012858467764,269.770716168449,270.726554532101,314.229453204795,354.464693610645,402.321127640652,454.333000061056,529.05865347666,581.488693279572,562.991706614062,567.824582562745,622.3446841902,588.804004922243,527.363463683956,503.259681973302,501.163441404244,492.161395524013,608.894195967705,613.593056187145,596.449134668071,607.15382316842,661.767536316923,662.673816863429,697.072532363615,742.245379387399
United States of America,1252.31535158168,1289.96360477212,1291.04614145045,1174.41158008651,1259.67420825022,1212.63886388581,1166.60923566276,1108.62457693838,1068.31338756855,1077.12988257912,1059.087916729,1074.30486606964,1142.78179543723,1172.97608686571,1324.7567732077,1527.05893424312,1692.2252830427,1812.13635127787,1878.6949894513,1963.53911685267,2164.50410485761,2303.004697899,2384.29926953061,2406.56690061997,2297.77384890308,2131.79063395466,2014.25048895688,1952.47988158754,1953.01470583747,1955.50783106666,2045.37768786993,2182.70260790993,2295.19552281935,2373.14985429606,2527.04019166571,2674.6907073509,2895.11437529029
South America,,,,,,,,,,,,,,,,,,,,,,,,,,,,,,,,,,,,,
Argentina,85.505855853321,44.9908574078662,63.0757382491555,86.6375380216439,97.2524262396539,99.2969712350134,109.206116191303,109.110359811218,95.7398716465622,93.4897807395848,93.9827821163852,94.626762852492,88.2706870769943,85.0750059030477,29.4536449960443,35.963215650711,37.9566313181977,43.5633144981051,46.8684203409303,57.6649317468815,69.3620882033809,73.374155124236,84.6180615875798,97.6204038974305,108.767170204804,121.267301587715,116.352993841906,126.759842341717,103.190875933649,123.804251172453,86.3970045486095,69.8769807960441,62.7477991226044,67.8941707786544,95.6470073044672,107.401240656411,91.5782904161783
Bolivia,13.7390139978551,14.7207400744813,19.4280832765004,19.9367050808266,19.2281009120982,14.6431869408065,17.5872521053909,18.0439511309089,18.4905659093705,22.2607099290287,27.7520631506254,21.0761080445245,20.3029910377313,21.767424651779,17.8275024073036,19.3210556585797,18.2297733923227,17.6641743398158,17.7870747727009,20.3419596970455,37.45150676601,30.7480576821972,54.1881374552971,39.3112412196548,47.9172957790734,53.2608838170982,58.1376235011707,53.1117215651762,46.7931099591296,50.9745284004217,52.7571469322507,51.1784787395396,43.435363511201,45.1386559943683,35.7953806274093,48.4263840520345,53.1373287667684
Brazil,41.2283055948218,60.351626088764,62.4783332120601,44.4964261179539,32.6405249024677,45.642078448259,67.0208065301428,89.2161199779007,86.3531170477467,84.2295719790474,85.5159421698666,57.8952632109068,65.6274480628375,62.3939329514879,54.4724801648451,46.7347448244016,53.8377486673698,73.9754246879872,88.3478326600909,109.186914122874,129.049962191121,134.110723137785,176.264168442239,189.90827474128,173.336759271008,166.304734116031,163.892027606785,122.54258121601,119.652014726201,143.457235638846,137.162389669834,125.2846989939,94.1310305941248,91.7188387650246,97.8631557333836,103.405634708331,99.0089673827083
Chile,77.5576687200067,75.4566170577633,77.4148592043082,76.6080807513839,84.8536037073216,92.2576587083626,103.170220394218,126.750614947481,130.124091732783,142.952653046785,140.553138792624,134.187233122199,136.482001666787,121.391357727706,112.822743781139,129.711095630657,166.841799576784,190.582222203215,234.667847642979,242.478636672163,277.060855649462,230.573244402928,286.27053843576,329.342217501677,313.495169879436,314.161997534921,287.124545471378,257.895565477932,264.403272621948,291.928139976661,296.220058368687,271.829444432446,271.388170992284,267.597072349182,238.38874718399,279.042930617976,258.975434070266
Colombia,27.9891728341462,27.5105139200042,27.7226139158715,27.8081456262599,32.9859429354305,44.8487740670681,57.6499493331339,73.838253005705,119.508310702422,81.2370551968674,90.5107000304101,85.159361333496,78.0835214100063,82.849555662934,83.6546032004091,80.6824379911152,98.3680954169404,117.440736592122,125.587406008891,157.689561463035,208.06239947483,205.230095933732,234.056200450171,228.897739266603,257.325945501156,272.182951901914,255.498897752187,195.162515767305,183.918360561422,210.012783899676,208.705098652194,205.450662886104,189.841069512409,199.873054641914,187.800345270425,207.161577106675,286.946571220419
Ecuador,20.0080840743735,18.6648232273356,19.5018343309519,19.7355996222852,19.5099398982894,24.9886826618379,25.8345170454545,41.3727027262434,35.8119658119658,41.8553933903707,45.2224052718287,23.9443455751497,21.1446740858506,30.0023439331198,38.77754741611,55.7567526784367,52.6315789473684,69.4980694980695,68.0272108843537,92.2080664461181,113.902152100201,132.585034013605,140.048154093098,161.417012038682,167.612193385541,174.33409800548,175.021606682997,160.846492042851,153.402917658548,148.114512539845,150.92351408951,136.339861684198,134.853774394781,136.716612747602,145.750028175363,150.374259859234,149.40746483553
Guyana,14.4619422572178,7.95750358442733,4.77304320499858,2.71937667044923,4.84672459144397,5.90749197550639,7.27526803800801,7.51857412661872,7.31360547405915,...,...,...,16.4518291374362,18.7856900633993,21.7961301880453,21.4224515972584,29.0068659760658,24.2868328138157,25.232860058913,32.9445304992353,40.3711553181433,41.2425642693588,41.3782363397743,43.3378977832668,45.0236330230059,47.0100077383554,52.2353290821766,61.4160165007623,67.7557566665116,77.6904646002314,80.0849104571567,82.7671646712172,95.3198501657743,94.2671738462707,107.690160212049,133.100573466428,243.475945643048
Paraguay,47.3681492386032,25.3335974976741,28.1853982164828,48.3162583882594,40.3801584199418,36.6598187729493,36.4727806834568,45.7194894633879,43.5934883118735,35.4317879910331,28.7258638695682,23.5366023540731,21.8140417884251,17.7348278797751,13.3714829334882,11.9946893403055,15.7646484248563,14.2957995878535,19.4518813689274,23.927998585893,30.1029103830195,29.8681549202102,35.8893623613628,49.3690460336609,54.809522896767,62.5047272877849,66.1086675203367,63.2219274230788,55.3243617927922,55.3192973423913,60.5602991675307,58.0623472472069,55.5484372592947,56.0387079731961,54.4259938347388,58.4503800885856,60.1090965710629
Peru,35.3871171932783,40.5135114562603,35.6911144979578,31.3475886347253,39.8334568470925,41.2624106006703,46.9935179195301,58.6061708841557,56.8132338763669,47.069185323865,44.7662853336523,38.2048333265135,34.5430547177875,33.7476841497839,30.9420767205779,32.4777317017149,33.2640454010015,42.9887232938161,45.7546918355314,46.8716719086702,52.5205690318026,64.1683882971462,75.1749430165131,80.6923573457144,97.1376310991282,111.373424688093,107.406437790739,109.404279774939,82.7699848176991,85.7358670213781,83.935964233796,85.822988775707,81.2490171489861,80.4888928307618,84.0724128260491,98.306746146703,75.3714885770517
Uruguay,84.9843183826316,96.7894821010679,106.090811635046,86.264616130639,117.203831943174,133.074853552454,142.365140960839,164.68469837027,180.003756928271,178.913309318419,177.366462760926,176.866612461794,170.490276711675,159.892482840841,105.054338200808,82.1727979268115,85.1011491538193,105.762419262173,119.500666465175,126.380720698064,172.135819535568,174.548096947254,228.020358983833,248.219543232227,277.586411164309,312.899511499616,308.713651650132,288.491030790814,292.893784715098,344.375287603542,374.739897113446,339.981203651442,321.228769751033,370.068055304453,382.522203599729,445.986946091389,512.773689829054
Venezuela,58.8531410550628,62.5981974340721,37.6695147379013,49.0243174207912,48.3319940117824,61.278654527749,43.7245000893783,54.5931161431325,32.6911697881285,67.3058116640905,62.0945774648486,59.0755072723472,73.5995588252635,77.2095708728624,42.5076959674332,38.4887278500365,55.468105633381,100.34222779661,134.40789749612,158.578780537189,203.189620606708,143.553260157206,139.420646059467,123.367412236233,174.146167988594,208.484329291974,51.6726637941812,10.5371189337121,7.09954741372933,69.079879120754,25.1796528949663,0.140422773030887,0.09065260713049,0.0715488706397856,0.164235439287973,0.138651988963383,...
Asia & Oceania,,,,,,,,,,,,,,,,,,,,,,,,,,,,,,,,,,,,,
Oceania,,,,,,,,,,,,,,,,,,,,,,,,,,,,,,,,,,,,,
Australia,354.706932551932,376.457473276221,394.272741592056,407.207158343886,394.208476347136,381.714715125127,418.966390450868,426.118868593359,450.677243942055,431.118137827009,382.125961875623,413.245261567137,382.487264690041,365.915726070183,407.882061365848,503.686290609678,601.837324243913,656.539131013699,697.139895872486,828.062681841354,880.830685367972,878.31280460522,1056.3580151842,1192.48559250978,1157.15840609268,1077.01789973175,1100.78592468959,1011.70505975494,1093.45768609161,1128.77516781557,1076.60733712001,1030.39693063317,1064.11345106873,1266.57118367981,1244.02171818619,1230.49997331963,1272.32129597912
Fiji,32.6805768561693,38.1169219173618,39.6649760892017,41.8051259765592,39.0027143594917,40.6612888627676,42.4530559120441,43.5385798791217,41.0126549395384,38.3674599443718,27.6608652735111,28.7928654398156,38.3248054459796,38.8303619226248,36.1994195176753,43.267863201582,53.791737098357,49.1017657062303,61.0238917141995,84.5379399327998,59.4735389794136,56.6693064318166,55.4553946253767,66.650797662071,64.7937816258601,63.4369835147556,81.5571877068874,46.4243546879211,59.2074080562355,81.9113765087768,88.6474004040689,86.2687761760043,77.8785601723632,75.0293142487466,74.260376998866,79.5534679671745,83.7522499345961
New Zealand,290.673409600778,288.77607777244,316.21813807978,286.759585391568,247.765134406806,244.028174166352,272.394832312554,314.431082905257,334.3969718614,314.400667337773,255.22810677329,253.674782218954,223.196806935494,205.902530142786,221.203079450311,273.58756430259,294.181811868071,314.0248082358,326.810276935802,378.625300427659,361.853557542142,341.514718754204,406.035718322197,443.609556005966,444.185024702821,441.123692328996,445.163021027535,380.017272509013,412.141457579127,450.135469527907,473.829745518538,551.629155287692,557.907950987482,569.384886334439,553.42054753952,588.045955089449,577.306029569138
Papua New Guinea,12.6075021354169,14.1455869469296,17.8883071553229,13.3170102866305,14.3167139242938,16.1709080999306,18.9260919162602,12.36691255997,16.6585304171638,16.2393543881134,9.79328993277161,6.7880567785159,6.17548357695464,4.47989446001601,2.92203630319392,3.20556734736602,3.92316938847136,4.73716493296163,4.7143451823828,5.73115963976685,5.56165473217258,7.13575154657861,6.16247165481293,8.28512340508408,13.8782066586172,12.8296985617128,13.3573940242522,11.5636602593219,8.92932557436809,8.91420521631133,8.60955160817466,9.65423489474154,9.61938879856116,8.8529172512048,13.1346133147795,9.425918514296,8.6812034840433
South Asia,,,,,,,,,,,,,,,,,,,,,,,,,,,,,,,,,,,,,
Afghanistan,...,...,...,...,...,...,...,...,...,...,...,...,...,...,...,...,5.37651729510332,5.14536278445723,5.26269057093985,8.48094759940514,9.27658585448669,9.31607911008783,10.6878083892207,11.3632446192568,7.94668705240389,6.98440708471229,8.3436121720734,5.96713448871952,5.43075087101945,5.44172153421267,5.47107304647022,6.07012080170748,7.27496630042137,7.00742389480525,...,...,...
Bangladesh,3.12890493118192,3.49681641753732,3.37449511461066,3.38629505479936,3.72422593996779,4.02409677705595,4.59208215977823,5.10463014338866,5.16438883994061,5.4119818413132,5.46427509134444,5.63559961182162,5.55458366766655,5.19799071051839,4.94463820233317,5.13968592879514,5.42846488373004,5.37862578074118,5.69880138497921,6.47632654951755,6.92422502782249,8.38115728830494,10.7197062846254,11.786402278154,11.8148748250723,13.1443970480809,14.9817911108029,17.7426634711296,20.2366968551978,20.2192349416309,22.4120546761682,26.4823140412936,28.0831251178146,29.0460159656495,25.0343069159598,22.1959726936238,23.3878155247059
India,13.8697581174884,12.657879202304,12.3173479741998,9.86009303951888,9.04799161124168,9.04457178525142,9.53159745885664,10.2610312191183,10.2113186349102,11.5878771175581,11.8156758015893,13.5111828213037,13.633085249473,13.67302341833,13.5572526518499,14.7518906289943,17.9681154573503,20.1395160411881,20.5820495649349,23.9036211887058,27.5175050652574,31.82976821309,37.3349817510741,39.6293157691494,37.1787357525021,36.8225362014109,39.0353323579116,38.8529447549918,42.3997139103505,47.7480243717431,48.461378246274,51.7107428056813,52.2482659366128,54.1761790508527,56.3556944775382,57.4793320699762,59.6260244472946
Nepal,1.94094696771488,1.92860900043857,1.96758785731165,1.79200312090919,1.85249681761025,1.77081161790144,1.83065938968072,1.80814734261629,1.75780185062759,1.85277351386758,1.8024592114186,1.98615347877985,2.10977017247522,2.61421165152087,3.39680570026529,4.03426009041448,5.05163082136398,6.08811707108546,5.94554179994442,6.35542302391663,6.95555664011777,7.74242207707469,9.35219075260177,10.3751905722431,9.33203081049944,10.1958505911188,11.8813608864038,11.6772234714656,12.7693702500389,15.6019563300333,15.3183377071945,15.2403887467604,15.1357773253934,15.5046789220719,15.2951196438581,14.6883030078856,14.3734526677067
Pakistan,25.453793577251,23.3452704741555,24.6171913267474,25.9575977636759,27.7855100166754,26.4421630324609,25.7595954430593,27.649051397958,25.9765529428395,23.6252035933723,22.2719907717984,20.7432349695407,19.4812512903178,18.0853905948919,20.2818031015796,22.5558155111078,24.4025009568254,26.4538118301815,27.9946909183787,29.3774064537577,27.9311846313014,27.4900192355821,30.3463166891482,34.4984672949655,36.3235235852095,36.553263667535,40.7905199597219,44.0480105237291,45.7333065103339,51.3649982623125,51.2701574699068,44.6763800049274,43.9951905891324,49.1063778748687,42.8503879992854,35.1123549937116,40.7721017271664
Sri Lanka,10.3442071197315,7.77788150518268,11.4471419815489,16.9480676877203,19.703658560133,20.9994182423766,25.4725421154376,43.9038728102577,43.2562079440807,38.6585954228687,39.8173525895947,33.6146468201927,43.0027913793321,34.6713494282911,28.9711103903665,27.2496397988239,30.9281608280313,31.9692236172372,39.0243092726676,51.648475260609,73.5027238107616,73.5484549453545,73.5984871784371,83.7227378256039,69.9801967964114,75.2876551008036,89.2375306590904,95.0954901558042,79.8101122811303,84.8347622486055,73.9148661379006,69.8560184001983,66.0992912128688,68.0197386437757,44.0129944627578,50.8982597779293,57.8744836104104
East Asia,,,,,,,,,,,,,,,,,,,,,,,,,,,,,,,,,,,,,
China,...,10.0061120146169,8.68039943719911,8.42396963815196,10.394574159653,10.3762722333549,8.19925268321304,10.1969631521645,11.6469421985001,12.6997630409173,13.6684195402593,16.3057431868778,17.5825614153999,20.8417557570943,23.6038763459486,25.6787112310625,29.1951819333629,32.7670152049395,39.1527826587362,47.0041285979071,59.292708379607,72.2010373697109,78.3336610282285,92.3919682986678,106.361891134438,119.36113155349,131.63467738418,141.145144834275,141.832465306019,149.43096816363,164.168640068445,169.057196238161,180.978612742743,200.403229417969,204.725361412898,208.403781042591,220.744840251681
Japan,230.855664623812,227.868928065702,233.836330795383,265.179081604662,289.976427369694,331.832295979671,362.119626111733,398.050234527621,350.055270884544,322.186776359232,299.41470328895,340.386607294461,358.583885492727,320.572964143416,308.790298083222,332.989868806819,354.902111219753,346.426022489589,324.7615663049,316.524758006585,361.834309800743,401.497532493309,426.322918014579,474.078863382652,468.752188610709,383.502819379014,367.538820769649,330.61215868491,365.360418531256,354.43665594759,382.163487560034,400.381683167286,406.055983081378,425.29795585858,344.691889493326,386.530216500955,445.502206935612
"Korea, North",...,...,...,...,...,...,...,...,...,...,...,...,...,...,...,...,...,...,...,...,...,...,...,...,...,...,...,34.0857456837545,35.5966997929786,37.3260406646796,62.0051184280586,...,...,...,...,...,...
"Korea, South",181.417945557356,219.067529252967,230.701293092199,247.119208511088,260.763458299076,276.491642601668,300.368054449711,355.456016960146,360.756865424277,324.252277202581,226.902962234722,260.829526953968,295.976903303118,275.922113842303,298.872545508119,334.213077277248,374.47470528579,463.772473517135,525.379528004558,576.534686017119,540.192903919822,507.258543989066,579.188036405211,633.867996369135,647.294696534155,688.468822665218,746.492375585393,720.279859818692,720.486051958655,762.060701846687,835.14258401604,852.876440769271,889.844799416931,980.397142188273,894.981676010804,923.546881486867,919.465742717592
Mongolia,...,...,...,50.7501440515406,14.8770334091667,6.22822461474657,7.15879529473525,9.16895682260056,9.19497740072421,7.86394377593011,8.29689293376503,7.43476150192647,9.92862502019281,9.37741902426522,10.1575445619072,9.6906456498692,10.9593574473184,11.6717458780715,15.2251843359752,21.7880813534045,25.4770501270955,14.2067746322516,20.4532876610602,32.0315502231824,41.0338641852091,36.6633840793677,36.4727393805995,34.5560699083254,32.0261847248685,28.4776256089168,28.1107109292225,29.3689001052569,29.2785893224476,29.3019842367838,26.7106822559588,32.6882821073374,52.3576842430003
Taiwan,353.419412621496,400.521512856628,424.260032077648,449.905408514877,482.28570287297,552.768509712405,562.061328794487,534.816556037626,544.132895184714,519.595312662494,420.113508070527,395.342840882019,394.948638532062,356.636963663214,334.58255718596,330.305603881657,344.997303868473,351.589394580553,334.369118424351,355.187567859188,388.764477525817,394.517282235842,391.843889699429,430.142623231858,450.468879307485,426.025266445618,418.12133659276,417.144469162248,410.224942738389,443.784727763493,444.157786561597,464.474046899393,508.005554699128,589.218673621204,650.253363328722,699.382318857056,708.176100329869
South East Asia,,,,,,,,,,,,,,,,,,,,,,,,,,,,,,,,,,,,,
Brunei,752.70963938415,762.823889139288,917.335664898464,947.622724127022,946.21348671777,856.927809068867,931.943346045662,992.147483384837,1113.08298021597,1222.08870927852,951.382056470326,817.763221177543,756.053256894254,659.599815717959,671.164485130749,709.542988381535,569.660426602973,698.281123001439,810.597965558184,880.48269978053,967.885118941761,918.004521797054,1004.42041133858,1048.91800243614,1020.49993535245,1010.03499939743,1274.84343104264,1009.57628373158,949.097620501122,806.294894003604,822.319005755691,942.565315915756,981.007243483716,1007.41733025725,960.038218413221,982.300854987839,1211.7314727879
Cambodia,...,...,4.02865380015359,5.75038964848271,7.9405654413247,5.32469336754863,12.1182486720336,12.7870731782256,10.9090884597044,9.24049331557816,6.97271850136434,7.24681544152593,6.5528379544712,5.64068000684574,5.10956463901193,5.21269294688228,5.26458766584753,5.31887200901021,5.60547489051368,5.75034028688242,5.92632313189246,9.64344379785092,11.6657118624689,13.1507951344356,14.6501535593673,16.1698950572137,18.1884491337732,20.9663483135578,24.2885905192898,28.6970253568546,33.5767517051648,36.3674332804658,37.4497816184922,37.3907031451433,36.2039558800814,38.5784425734037,41.0964200178744
Indonesia,7.74477478645147,7.89521678451416,8.8743354938683,9.16659035425382,10.0180230010476,10.086999500737,11.4889255781557,12.5039903805873,14.2643903819936,15.7728039441886,4.67189293674851,5.36836905698129,5.2644859435836,4.2235081265552,6.20971595018766,9.54810716759779,10.7229791685343,9.35867090233273,11.238318463077,14.2200825560548,13.5448843832697,13.6725302177268,19.0532770021144,23.5540097141385,26.0117090973232,32.9672318508825,26.9210994331842,29.1708167321263,28.0989460926019,33.0709286878507,27.8916922554846,30.0638377162587,34.290503374076,31.9068108845462,36.5008860343124,40.2062578814468,39.1099251645388
Laos,...,...,...,...,22.7468559776224,23.2894805403703,24.4535341934492,21.2945651293828,15.7268376132572,13.142182359448,6.41226890234611,2.90518364245511,2.54691136266192,2.2963058397198,2.05417953540929,1.94754038950306,2.00260712790506,2.05495250516407,2.26644668998086,2.46902920800217,2.66555611335292,2.25562784953383,2.44217604183282,2.97959570518791,3.14029934451918,3.45433558562279,...,...,...,...,...,...,...,...,...,...,...
Malaysia,51.7471117328804,59.7558465537975,64.0191120582776,86.8822188953226,95.0151084326269,100.822884718829,108.370697394714,121.760493540535,117.591020689581,98.9526088104202,53.5448640486322,75.0074170770783,67.5518987811439,83.2425527867174,93.9739118519403,118.141074468797,113.071046729287,122.150627486362,125.012339947103,148.659153365528,161.675299220233,142.353069964058,135.728610438114,162.291058315374,153.255763592384,164.317514355422,161.647125488253,146.38468515001,132.335872548306,108.961534478829,105.55315030333,98.399272810808,100.144924819764,107.842527208376,106.539113413382,112.450420387593,122.025194285062
Myanmar,6.66606153979417,14.140185910442,20.5978133374934,23.499366450376,33.6945314216399,50.011148613522,67.0679997020323,92.8844915471557,109.04055930007,110.069283193257,133.521983157798,156.076376731233,200.474279821448,207.844721033961,239.10700378075,520.654975414798,636.883500435482,697.267619881622,...,...,...,...,...,...,59.8334725705972,47.2924892090032,47.011310779874,50.1566271385793,47.8803688854007,42.9763076907776,29.3611672159157,29.2068999925606,47.2925534867684,49.6678226695846,46.4829553576481,46.2210401197932,92.2546468175024
Philippines,15.8001493956026,15.7789910777687,15.3435120617603,14.3367098167642,16.5805047730283,17.5638232583035,20.3907525609204,24.3739875958009,26.3466027799303,21.5800894617517,16.3917407480496,17.4577446371376,16.5594246543969,13.92879830635,14.5802289155119,15.511074499459,14.5288754998533,15.7383906822416,18.0974560584544,22.3307876318068,24.6985145367686,22.6398562339433,25.5803343543414,27.747739379632,29.2388918220524,33.3655544362018,30.1453429716517,31.8901481813621,31.420083249836,35.7079691886408,37.7521969761232,38.755027128806,42.0986517259735,49.2176541160137,46.882257262315,44.948517256717,53.0248956224862
Singapore,429.293857307035,488.214941241142,602.844165242893,654.418267620104,732.91908723372,758.620820272446,831.252268068652,1058.13820142885,1139.90500169928,1194.02740465054,1156.76516847645,1139.82087270664,1085.12326009002,1056.15871133576,1090.32420681365,1140.70985944162,1219.38985997019,1297.82204510724,1347.47572495421,1452.75885065944,1584.00427172505,1535.81129949985,1612.41825814906,1740.93030344986,1750.37175929252,1747.83626188293,1769.28509292542,1708.63631998505,1776.09850049909,1818.6004198699,1885.92330957877,1838.88709755178,1725.03515420501,1981.93426851227,2167.79012892186,2459.49780380625,2591.36713733707
Thailand,34.4421178634219,36.3129663223233,40.7880787999653,47.0755897081313,52.8132994927216,55.3950623496274,62.4353055222385,65.5901350619206,66.1712104635967,54.1184321746289,34.5250442071161,33.2162059581399,30.00971081201,27.1562712104643,27.88985256541,29.0761614768948,29.9375047360019,28.4008593056686,31.7813582773693,40.0945842601675,54.1830873042296,63.9319668558044,75.9640475966984,74.9624133240897,78.1256451652136,79.7677309578651,79.7053300695917,77.197434370018,78.6839407655933,86.0915127391609,93.4477741999335,99.2319108266847,101.919024670452,99.3462861795394,84.0491959672601,80.1173006243244,77.0329011072834
Timor Leste,...,...,...,...,...,...,...,...,...,...,...,...,...,...,...,...,...,8.81156316916488,17.7806652806653,23.9505549949546,23.2100098135427,34.876673040153,24.6166044776119,18.6976320582878,29.7310774710597,27.6224934612031,25.3196581196581,30.9798826487846,21.5423171733772,20.5177419354839,16.3053797468354,26.7080745341615,29.2663622526636,29.2920089619119,32.5337738619677,40.0225127087872,33.3333333333333
Viet Nam,20.9938022796703,7.22304892257804,7.89967653197599,6.45938602268659,4.92683528999171,4.31861063621616,6.14145386451663,...,...,...,...,...,...,...,...,10.6343251870654,11.4449140346129,12.7157344601088,15.7943510737731,21.5274601152313,25.3315194054138,27.9352168259107,30.7318316946273,30.5439150274785,37.7705395562799,41.3954828551332,46.711759722049,49.4578225173307,53.7229563716335,53.6314137967173,57.4430530460484,...,...,...,...,...,...
Central Asia,,,,,,,,,,,,,,,,,,,,,,,,,,,,,,,,,,,,,
Kazakhstan,...,...,...,...,...,...,6.2090989465036,10.5345721458423,14.5689187025941,14.5801378480194,15.3098758965127,9.31607154320689,9.28079800231915,14.2554036506761,15.7523196776123,20.228314869149,26.9985264043166,37.2200722948437,49.4683517866046,84.0613315219677,94.3084106412942,77.0142461843428,89.7946393959576,106.435234043991,126.726602193357,146.372389391721,130.426875413343,114.007002135681,70.3130313929293,75.1401683284148,79.7137060545689,97.1996281330391,80.0090839746344,82.48156291411,58.5243292044047,57.6501577012207,59.0777905540552
Kyrgyz Republic,...,...,...,...,...,...,6.20619591814146,11.0300972714818,11.4943765591262,11.4188933392698,8.96862438579958,6.79787761140573,7.88704362356202,7.09320804612053,8.59322162736785,10.7178822553266,12.1627454336757,14.4916490483273,17.0518181908663,21.9489316128696,28.0182425579935,27.8120042246677,33.8969411650807,38.0032296563012,37.5210674559249,40.7938836312887,43.1187159422023,38.7472699540651,37.6333312153271,38.8506351744432,39.9003269113143,39.6551325211482,39.241578273562,38.9416113068231,51.0707483438742,68.9664607216032,66.3366513637956
Tajikistan,...,...,...,...,0.184694326344688,4.13409134724116,2.45974532255743,0.986301945321091,2.2382412837611,3.11290675823477,3.67157498352252,2.4424595923186,1.66371222174677,1.96473771883385,3.95388285660802,5.27495775495599,6.71081507575712,...,...,...,7.22190235435943,6.41247629730235,7.10318891492536,9.22209369101659,9.63614756524233,...,12.5352433216514,11.8002321152249,9.66192845551668,8.72384599325646,8.8538098392061,8.78738626465457,8.03833271708472,9.12975629649805,20.2383728585468,27.7083446640831,23.4839375734447
Turkmenistan,...,...,...,...,...,...,19.5105009397728,32.6384145878731,11.4828255683698,24.695486296182,20.0114429820815,25.162562257886,...,...,...,...,...,...,...,...,...,...,...,...,...,...,...,...,...,...,...,...,...,...,...,...,...
Uzbekistan,...,...,...,...,...,...,3.9099457815591,4.96511948067958,7.44151523900345,9.24145618976998,...,10.2850923752356,4.68282265668417,2.39655961120935,1.8188255819082,2.11823820095096,...,...,...,...,...,...,...,...,...,...,...,...,...,...,44.8899888493008,...,...,...,...,...,...
Europe,,,,,,,,,,,,,,,,,,,,,,,,,,,,,,,,,,,,,
Central Europe,,,,,,,,,,,,,,,,,,,,,,,,,,,,,,,,,,,,,
Albania,...,...,...,...,9.61012712599205,11.974959898965,15.1647846462005,15.5966672113437,14.0526763322075,9.20824081499175,10.4433553057448,13.3700641291007,14.2739154790031,16.8722805583249,18.6721911819759,24.350138075045,32.4613568464115,35.6673745744604,46.0130224085888,64.155518353916,84.9993210832782,61.3622775345117,63.1216441409419,67.6534303696205,62.9353128341504,61.8822649779535,61.2940013860162,45.6224293660235,45.1841172743314,49.7871340413568,60.7133892219103,68.1970654629642,68.3100448173795,77.7440823854364,80.6962454565059,140.899225042362,191.103697075974
Bosnia and Herzegovina,...,...,...,...,...,...,...,...,...,...,...,...,...,...,57.5377220441457,48.3121181971238,47.985685196732,42.1461205380532,43.7087895249637,48.2199468713156,58.5867379842003,61.9497592865506,57.1803144888774,56.0969713058892,53.2356758059131,54.3800739752079,53.0603273805113,45.8106980741235,45.1693394103841,45.292261476501,50.5058167933518,49.1147028067463,50.3976732518691,64.0372172018793,57.3825192337842,61.7822529111809,68.0021626283538
Bulgaria,...,230.389119278008,89.4528876317502,26.4950800631473,29.6408519551812,33.298886005748,28.6586256245302,37.0854714645467,25.6596223744277,29.5918377515046,39.181730627197,44.1017950102853,43.7265967458456,50.967052825045,57.7810754711404,72.6482927934861,79.8494104781708,86.4522071359118,93.3506632872868,130.062825905903,153.631147857545,120.484794582781,111.527031883452,102.284920383663,98.2384346925591,111.42700854366,103.179093462586,87.8241648158012,93.749875347368,101.385239489473,136.354223346737,308.365361027067,160.985691239606,184.390527841973,210.134742544564,292.045131049196,343.734767504226
Croatia,...,...,...,...,7.54429656226934,121.526128811603,313.135982056734,419.033127849355,394.219037653272,371.189740756546,299.690072302725,235.905303779974,153.310486025904,145.160039424298,167.531590040852,165.465955254429,168.711718273954,181.944659970992,191.342083912609,221.011719087622,288.091427239526,254.98621879744,227.954336893363,253.99858019384,223.358331851587,226.258583164122,254.293632346986,211.968730319612,200.875945069715,221.689010330432,234.885714894753,246.255945921948,247.201342275455,345.440833789863,327.821685708182,368.706208684705,418.888043730804
Czechia,...,...,...,...,...,79.0602430127113,90.8719396232563,103.231827391151,109.076458753482,96.0657398743657,113.522174186393,117.548676283099,112.972870434293,115.593345286679,146.0221220078,184.061170263979,199.169602129114,237.540264283937,238.09171134585,262.39730130912,281.836216045903,261.399953191644,239.216908131895,235.963499809603,211.38604422519,204.451417801278,192.43562549415,169.158638033616,185.706754065287,197.183454571827,256.971134392681,275.80103265924,308.089898817733,373.293271839638,380.780333269711,466.963179724123,604.609590833834
Czechoslovakia,...,...,...,...,...,xxx,xxx,xxx,xxx,xxx,xxx,xxx,xxx,xxx,xxx,xxx,xxx,xxx,xxx,xxx,xxx,xxx,xxx,xxx,xxx,xxx,xxx,xxx,xxx,xxx,xxx,xxx,xxx,xxx,xxx,xxx,xxx
Estonia,...,...,...,...,...,8.64905255584719,16.8809505573152,24.8417550121363,28.7155978580628,37.1630358622854,42.3162764666327,52.4897164472157,55.8981502924938,67.3499927524853,88.2005279291599,124.663217349868,150.049912330019,150.490817529998,174.925573049733,276.9728573681,321.123093339917,264.495940549813,249.197417095273,292.659835254462,329.700310660118,363.117015776016,389.148210580187,353.060787861061,378.156082261441,408.38923018223,466.220753808802,480.781417671463,540.340399013081,562.842773916817,613.862688454346,904.132929770966,1054.8059493594
German Democratic Republic,...,...,xxx,xxx,xxx,xxx,xxx,xxx,xxx,xxx,xxx,xxx,xxx,xxx,xxx,xxx,xxx,xxx,xxx,xxx,xxx,xxx,xxx,xxx,xxx,xxx,xxx,xxx,xxx,xxx,xxx,xxx,xxx,xxx,xxx,xxx,xxx
Hungary,98.2509723048991,77.9666245960331,81.6131413743549,69.6164518174431,78.2517073523353,70.9878820745047,73.1669877608777,59.2513373128484,56.7453850919995,67.6292353420548,60.2439489573792,68.6668448885036,70.161488269685,83.0195180121337,106.268323350497,138.466829984589,151.803905905984,158.404907021931,140.221934315039,176.868191684774,186.340532630178,147.449112722372,135.176664984306,147.724017224095,133.186714620339,129.232807899819,122.523991311817,114.948872486583,131.13626673121,173.844765867016,165.246878845155,224.174027003669,283.38341049993,247.645324714722,336.274361486571,449.806678703907,488.616971691253
Kosovo,...,...,...,...,...,...,...,...,...,...,...,...,...,...,...,...,...,...,...,...,0.513988234460158,15.1429842204638,21.5279690342487,28.5379976337051,24.1325939284568,26.7755819467284,29.4534292165367,27.7844159845559,29.5267904601343,32.4618079770777,35.7472202135074,37.269046598755,45.2003470344792,45.3358454214554,62.3054893937025,77.9318115405454,97.9034113265342
Latvia,...,...,...,...,...,6.83861923931415,13.3413412213984,17.4102042599984,15.4473419255031,15.5371423924423,17.4226214392482,23.5800860321992,29.383158421229,36.9442400584797,63.4043239381178,82.2366310400613,100.681879938961,121.08001589492,165.018165295845,217.968595357242,265.397934729286,168.196602436472,122.429101460381,143.05297793374,125.056402244131,140.103227638339,147.716765866988,142.340511338044,205.460869561332,247.41640980196,366.599760685384,360.361621137483,388.914816543325,434.574551514068,456.122947149193,665.14399997148,758.347914557044
Lithuania,...,...,...,...,...,5.62713729866623,5.74060272133462,8.3640792364735,11.696650982563,21.085052983826,38.802302723954,30.1131541725601,39.9886072344062,47.8151862464183,52.5119910852282,61.4284420849221,79.6827889855608,90.557080879819,106.871060413491,136.001382568963,168.499904963466,127.143853225864,103.857708047877,112.874292639581,109.398029831202,119.401800034786,145.011445436785,161.266607443223,219.954344898681,285.049829771837,375.937275684633,391.34882759582,420.056087683242,467.202155032304,621.193683733363,761.320662176907,916.454182670743
North Macedonia,...,...,...,...,...,...,...,...,65.1554742408806,41.2149367366067,38.8736668934677,32.4214001218374,34.0131261117796,109.749273682129,51.3324851374897,55.739750587153,64.8711246000599,60.8255049579743,60.2624948454138,77.8951782723966,83.1286273061471,76.8603687415584,63.2400141568235,64.7103052315814,58.7071792153894,62.6269052987251,61.9068323428264,50.2430450072131,52.5216323025847,51.6425894683554,61.972105682562,76.5287482449334,81.4090577386413,110.632757399619,119.422010500333,145.223155078446,193.481936534864
Montenegro,...,...,...,...,...,...,...,...,...,...,...,...,...,...,...,...,...,95.9176957909667,98.3404030057782,101.246805404236,134.449262209674,121.142792899555,118.820984012102,125.595987052044,106.970302214568,102.265367630112,106.704609861798,90.3038528634625,98.5855457029082,105.683097069025,121.950814241132,120.459541581635,135.934956918862,150.392167882824,162.809832245579,181.943512897634,234.793753527344
Poland,47.2362239209129,39.446193815256,40.5414388513121,45.1884383647542,49.2666055975929,55.4855997198154,58.76472896014,70.8776457351013,80.3768517598446,83.2275622301246,91.0543196687987,84.2156800923106,82.2232107388647,94.9113950452313,98.7467172514484,108.594425625752,125.127723200847,154.574656873657,173.724214861771,225.798164106771,246.024456457518,208.049802801672,231.235074770483,247.673284647862,235.005329151754,242.470571884613,270.362575132558,266.882321075797,239.486504642182,257.982818752052,314.79707764795,308.271750742914,358.939046848513,401.215584593738,404.165483495779,678.692335280635,981.62659259067
Romania,110.804913027616,112.569925575124,75.8538677093606,60.0006136397359,36.2488191791457,31.5715386837675,41.0791256250108,43.2891788732883,38.6839742927219,47.8128823456142,56.1326482595938,42.9828838729055,42.3200619867261,44.8311496258356,48.3268995373402,57.6559789382246,71.1680342291328,92.7426617592391,106.59975496707,124.472073582647,144.312680731769,107.776060251289,101.73211391487,116.901045407864,104.072365802296,121.948833030743,134.472659878034,129.541396429686,133.401939159748,183.553868737977,221.87830646977,235.961145620544,259.719399098214,274.184220729836,270.714116940298,293.600789605709,457.086720910525
Serbia,...,...,...,...,...,...,...,...,...,117.24130887911,82.545605274282,95.1205276353365,43.6859264341917,64.3906198985108,88.9151749237332,96.0893230194098,97.5289701907271,83.3444913058939,93.6960417637905,129.594579783493,148.832713597677,130.952752585769,117.708761532855,133.716053878115,117.71294322296,127.699122644168,126.662600425272,97.2215150569131,109.70049542615,112.17558278538,151.092282795435,168.53718902803,184.829129948079,263.633523685882,213.622142667444,264.714119049034,343.715611365286
Slovakia,...,...,...,...,...,50.1972985854202,56.2206557599839,117.686482736213,119.738684408183,93.0742512864021,73.9981789955224,60.8460425764385,63.6287674622408,73.233568461262,81.8258248497321,116.144402934946,132.33310288851,153.117622363694,169.494258277859,211.864327274106,262.546082368365,250.937453856923,211.111622860868,197.37586850294,188.852283375426,178.979864620868,184.316242712483,181.970375222914,184.961844678117,193.12856165506,238.233107059615,330.917539377748,375.355746752912,378.446857564567,384.10032454095,442.568227749483,516.163901862357
Slovenia,...,...,...,...,140.781760111052,115.556282774283,119.69290950771,168.337536649038,165.982217470776,146.491320806936,151.860727298404,139.019639782048,111.979635853713,136.563777861499,164.218745761958,209.290538994234,247.442996946177,257.859979672399,304.416876686483,345.291581533338,410.180221032951,393.919448811653,377.917331135658,325.356633124277,264.990939308271,246.590234600153,236.246292709435,194.643941401927,217.94155220558,229.775342972264,256.663171429252,275.955690047777,271.473336493981,360.819298115281,366.851061706395,431.02804680015,449.223690363856
Yugoslavia,...,...,...,...,...,xxx,xxx,xxx,xxx,xxx,xxx,xxx,xxx,xxx,xxx,xxx,xxx,xxx,xxx,xxx,xxx,xxx,xxx,xxx,xxx,xxx,xxx,xxx,xxx,xxx,xxx,xxx,xxx,xxx,xxx,xxx,xxx
Eastern Europe,,,,,,,,,,,,,,,,,,,,,,,,,,,,,,,,,,,,,
Armenia,...,...,...,...,...,2.80930662075098,...,15.7267641725452,15.910828338884,19.6268753647407,20.6743800114126,21.4034343055083,21.6244493376049,21.3357895200337,20.9224561528604,25.135542792019,32.3558192670872,46.6947918636885,62.7715531791569,93.9331617518177,133.466250570357,121.740380456158,134.449117694972,133.676960978861,130.199000648672,152.139582307018,156.622313305287,153.107394766194,147.738431027965,152.077618560506,176.254129973341,224.286265849358,218.607034522503,215.007105765391,278.139762171986,457.010916397894,475.204996914979
Azerbaijan,...,...,...,...,1.5044999593785,10.3997021525304,5.81714946499107,8.63369031891917,9.20988311809848,11.6757565573103,13.4313622113447,14.9097661748492,14.6989123190215,16.0637443778684,16.8770770832832,21.1111039466469,27.0502052175457,35.6499037383751,82.883940540409,107.936122246823,180.936217186532,163.674850199635,162.371754296245,334.791847370485,348.59564139072,356.734550974305,358.154448433987,299.210994651553,142.3735331898,154.041268744973,167.017226387159,184.189460029567,220.382578873582,264.757734631561,291.552324214606,344.722279155565,366.529668636013
Belarus,...,...,...,...,...,...,...,17.5346790304285,17.9555657160308,24.5771301299426,22.5377388877307,16.4865198105702,14.0116030687359,17.8286186140884,20.6241030755075,23.5376967308071,32.1779297458151,46.6588402707219,65.5834791477527,77.9527514086427,92.5217438113768,70.9854445691116,80.8104511457424,79.7676775952322,85.3152221939458,101.437506901902,86.7740782995658,67.780633174418,75.781847842494,78.8078269501626,97.2979295650739,94.9963768881822,91.6014126264388,102.261752635955,120.114633333873,172.69886042011,164.141731067977
Georgia,...,...,...,...,...,...,...,...,13.902809765984,9.25309233160101,8.86396051349311,5.7287911383945,4.28506520200711,5.58995258572796,8.17512200175099,10.4018055816846,17.2978980054955,52.9748651689252,100.765900239073,233.990598745784,275.780483330479,153.640930246102,116.187826849669,120.726146494013,127.655041348867,115.554112703131,109.552770389426,78.985805982227,83.1208982917554,84.6656062767374,88.0338470447942,81.8051431407696,75.8135574584943,79.2012215158998,106.129488679187,133.54384538973,161.729003569551
Moldova,...,...,...,...,...,...,...,3.01531617791306,3.48809885536206,3.98142030105558,2.44655179256146,1.39357641172575,1.19586515397319,1.4151117548162,1.67467535503095,2.0021224900942,2.30304664860145,2.97373935718386,4.15811368989707,5.84473213095693,9.65556878940904,6.65412430367848,4.99747022900887,6.38858517174785,6.78127068862244,7.75341716525382,8.1748398094989,6.95798810578869,8.41183872423261,9.61933453908458,11.792146762303,13.7190840743457,14.4122267498716,16.8318907094179,17.4494660500828,30.6273629848482,36.2677700622744
Russia,...,...,...,...,...,52.3886360953877,91.5279236680739,85.8704524160995,106.790422751744,118.790781722162,53.8499001684449,43.8483529766655,62.7974042118294,79.7571840253721,95.6688123127811,116.156650916345,144.063065933094,188.660988776339,239.215096876684,302.515426282032,390.683374428957,358.324758351203,407.994688924418,487.946951623847,565.202369408345,611.692719908334,585.045863779523,457.81947009588,475.804762856854,458.229984843576,420.974552312739,445.023860491676,421.087899893809,450.84210090503,703.628140961756,749.638748847631,1025.90302839059
Ukraine,...,...,...,...,...,2.90400722062456,17.5796147986647,20.1799285062588,28.4679765334892,40.5644465527376,27.7815256426203,18.7682001605601,22.8380175229785,22.0622843627497,24.069644543714,29.4539158999329,34.9962441463064,50.3135867401846,63.0576898191498,86.7860161442549,102.517395218801,73.9153331207292,80.1378923340721,79.4547227559529,89.4622812455125,94.9893865564956,85.9804965530195,76.3638567276098,74.9078076697996,80.1081676046022,104.771146938399,138.921275110633,152.528468667533,154.930444352695,934.448017444057,1707.02780683378,1728.18541239492
USSR,...,...,...,...,xxx,xxx,xxx,xxx,xxx,xxx,xxx,xxx,xxx,xxx,xxx,xxx,xxx,xxx,xxx,xxx,xxx,xxx,xxx,xxx,xxx,xxx,xxx,xxx,xxx,xxx,xxx,xxx,xxx,xxx,xxx,xxx,xxx
Western Europe,,,,,,,,,,,,,,,,,,,,,,,,,,,,,,,,,,,,,
Austria,226.234764633118,213.75747929512,258.004405115929,258.531770516848,274.314231731841,268.27946051298,280.867551397246,321.902151294511,308.975870352941,271.7211426382,270.888749932301,266.079602438451,240.574387580487,222.986575732942,233.409419663833,294.033177252572,328.988465699155,327.461446281141,319.789893706276,422.479233137465,450.870229516268,399.994595132395,385.292855752332,407.033688502171,378.980671671022,382.002347254576,388.430985601417,310.436732066595,331.641850850789,359.37071162696,383.994334349815,376.584962480502,431.372445578939,469.346669436145,401.72725207956,487.327928044425,576.295231980912
Belgium,413.561048582803,390.966452320472,466.907031346512,463.609097343513,412.181793097197,372.037228214954,390.466469936908,439.148636325211,418.206247423347,362.215651251215,359.525943214109,352.305416058522,311.632506406269,295.794570510364,305.251795990111,374.246598331426,409.989757893351,404.769734165048,409.807395450419,487.858287545286,590.270165404948,522.658551495032,482.406228232789,499.897369717898,466.68452814405,472.498867299289,464.273592822744,373.915533931547,376.192499524066,390.452602483166,424.572461215714,415.570891232511,461.424095014313,539.923560905179,594.697160350635,652.19666512275,730.006830299112
Cyprus,320.388783704726,317.351895495281,525.426645293747,526.936232662612,783.740181605814,328.368753513033,357.020486694652,349.921997085001,513.848519874452,600.833733029754,533.938901885436,314.160744278243,299.10678112086,342.706234614632,249.468612135313,291.341015961649,335.455467117597,370.861761294442,371.008298528117,380.804857580842,419.411325473139,428.502528265949,426.79841694715,421.930798984165,358.56083169681,327.596051953993,299.921896562384,270.76115607669,240.517109082696,288.171469515445,356.618353010284,362.481604561894,373.293454337567,413.591325008847,401.896143305226,417.696794328178,442.445085508169
Denmark,452.412446897868,425.666113068727,516.044688116864,519.127000291844,549.737577797487,517.662853937159,523.14605382753,597.769583295659,587.740419860139,531.624091506855,537.500536010297,524.064970659634,448.876328552887,472.093068779341,501.878258795419,594.197330570226,662.992304625036,641.000354818042,717.894375034832,766.596766886651,874.36634785395,786.893267489296,813.639047283158,812.549923910221,792.413202577358,752.569620798908,720.835378586451,594.354730401778,629.530040962644,654.728360334589,788.564294570458,772.955438727689,839.284898386185,903.030124786504,932.234886427922,1370.97210977981,1669.83564364371
Finland,345.076051880924,356.525966853647,430.412258128609,440.286367053047,412.79688807481,319.569695122625,345.872190560892,374.384547419975,395.113757171473,379.384760232549,380.747778126443,320.524247841043,301.321842908052,285.518409381933,310.184123589224,475.424460835168,554.202705745689,572.730771205383,595.227829993461,624.7030036268,746.814780019758,739.876987487406,694.670249441313,762.69875484385,730.094419212166,766.747732673192,731.151779854764,621.186945775588,622.381674804165,623.494496993211,681.042714033446,658.797402370161,700.215026255485,692.374207573445,801.436196717064,1060.46888271202,1245.16180814475
France,539.621550169814,524.838637995206,629.310787288407,627.817914606522,660.203271569073,620.022067467718,643.984008768699,690.638486296531,668.720882800203,593.390294817861,573.335173503391,554.771526553618,479.183772795929,468.255346261974,508.648118382848,637.105880817603,730.569851712197,723.741173877783,740.446096881255,814.142918390859,884.299087123958,896.593467906641,822.674916459366,851.318500141594,785.922332000413,809.714154770387,823.118226864785,704.088592678018,703.118148188833,730.794609797373,784.766348893942,768.632056527002,811.690025277785,889.999489360419,826.280241578533,896.219764181035,972.615124311233
Germany,420.861503307377,400.379471696148,499.522449476368,462.573458467611,488.039851167938,428.867624464615,416.790148501261,470.989237242881,444.617841722899,377.869363446946,376.82246288914,374.32551154391,322.635626937559,313.952874197569,335.0737503144,399.981374450492,433.706874312747,434.400473637142,437.520215234587,492.835052789271,555.344312964923,549.658418945996,532.116983003389,558.929902085361,541.30691800091,546.745517831112,550.285612504265,467.832931783816,483.366986341203,509.687332706179,558.510515606185,587.890430420653,637.516651138586,675.808411249158,670.30894857367,797.208547740695,1044.42330676196
Greece,270.758919660722,251.02996504619,311.94456228073,306.118583166945,350.629334651322,323.906164413791,343.638750305705,398.314584235996,437.474402717684,431.667436743081,453.024431297059,468.394135342331,424.448804746054,409.592410660075,435.32664047723,461.768504526738,573.314012755598,641.10449628271,691.562380146959,773.485338841841,956.156840517759,959.112048929036,734.072420369028,640.601030475215,533.362346564278,513.780597412575,506.157202496308,443.739300643166,460.263767099825,472.571643281532,536.044167683179,502.06275723903,538.803701319414,776.926461913379,834.801710477089,677.831571466563,791.354744446266
Iceland,...,...,...,...,...,...,...,...,...,...,...,...,...,...,...,...,...,...,...,...,...,...,...,...,...,...,...,...,...,...,...,...,...,...,...,...,...
Ireland,128.284709191987,123.534013093796,169.377248475313,177.487264447241,189.976055372659,167.476538404789,176.86279071714,195.173673373107,207.226061207858,209.50055113712,201.084006823005,198.742591204939,184.019807755434,200.464324908466,208.227910907828,243.67583464759,273.754198021321,278.787037116774,283.153928965439,316.618682546365,355.466165248625,313.282888570367,280.111824215503,284.536443547235,252.185562016309,259.328441633551,257.110086489373,213.126476268308,211.891351448986,214.44841996224,228.70013986769,226.904711983747,230.590445438959,253.395739283015,230.374376483738,245.688208332719,254.544400110798
Italy,305.837181088531,310.357608854174,363.758979291048,378.291771470551,388.465210291508,319.133918253329,315.882182573758,298.060198822326,363.853375193801,352.521158129333,364.062888567796,367.234390080787,347.20837217919,340.699949068716,377.00732313143,466.337742599063,522.120788410306,509.249805491615,505.303564956577,543.318301070045,620.692968278249,569.749231640761,533.35143246879,561.092119406213,492.69597493797,494.200499926042,456.442425067841,365.785139438687,413.687002490008,437.553030282529,471.03053630404,438.078911658965,548.443460477925,606.060523339715,581.356724170119,620.058775910704,638.757942574277
Luxembourg,208.899633112636,182.52149082726,230.490004085511,253.474094311389,286.171404763651,247.222961283227,284.586433714466,317.337689539645,311.031348742463,291.17934234166,306.444173350274,297.547709508481,267.202603047469,329.64059596893,312.146778132989,399.686553139985,465.973537188179,477.680903906271,476.060155707752,542.926044530526,441.868960430635,407.758729620872,492.380432554104,453.422684210161,408.708326281891,435.162749372393,458.326223748808,443.212554300925,408.951292849306,546.764855003086,590.158516577553,621.780780154362,679.182315476362,635.061345808595,789.332135016086,1002.25789159719,1302.90454588404
Malta,62.1766819745795,58.701877313728,57.7924253168175,58.7697787154333,71.5621737434307,65.3520041685881,73.342795106925,81.3181722066113,86.2595202500773,80.0571076894136,74.1869092196034,70.8522042092122,63.7033870645567,67.6292346980174,70.3061653385361,83.8464422717553,98.8450468020071,127.424668246559,107.070905631953,118.421579604942,134.049088838009,140.738360739111,139.168127796532,131.823411512646,117.187814334883,125.676259073418,131.736316822051,117.719560022987,132.606495532395,139.643235142899,140.481283692968,162.484974190963,167.548491122918,168.487677479456,149.938444768072,212.522116104422,203.833761868177
Netherlands,455.326276048105,430.229776696894,495.780975132891,480.102850659883,519.455955401973,459.990152040903,462.175341641716,515.941496618911,501.79494474668,436.225079636891,433.514162161813,442.331337131083,373.354650110913,384.591982558083,414.218676920826,511.62300067846,571.74042585084,581.579334512368,619.972437371182,695.485395502926,747.454031156818,729.162884703013,670.682802155971,692.793350864594,613.696535422251,603.639709866306,608.05054304269,507.871894145976,531.562918803634,555.015959808614,639.929038489165,686.812324274655,743.42219875354,814.604762575736,766.341188015454,922.627233334727,1275.9667103474
Norway,689.553531629576,694.759583349439,802.000811592667,773.541561299621,890.167313457687,738.679505333551,786.888141765406,806.81712022713,809.382932632607,740.503639406433,752.759647865236,744.476554889613,652.600158551444,658.666219626206,898.733100902309,992.424207485058,1067.81305165746,1060.55252457905,1080.11831176842,1255.13524898315,1344.92758830813,1291.01971290441,1337.72314499365,1469.97166371592,1432.80428862181,1463.43888086202,1436.05115058399,1125.67328195958,1150.24646097463,1303.39673506755,1424.18416792775,1415.56602662027,1346.223801092,1564.667336415,1603.28515005024,1602.79877694129,1880.23790553317
Portugal,101.739036879946,109.954876640693,141.622479241256,160.075831545832,192.074664559905,166.172359587035,164.450852677703,201.347950092791,195.480180741493,178.839934983119,174.05405963117,178.439432620599,162.486504919393,170.111267782859,189.20070879041,226.395292529772,271.934695161651,299.491640732018,299.987709346037,314.137295716195,351.846789480944,353.67220060446,334.516332468029,345.331686928037,288.450737290606,311.076510304251,287.861802689082,254.63689350424,306.849431214071,263.15812960068,314.309270957349,319.58282068504,315.381326604964,374.067861174085,342.839600839312,406.111861337783,444.983087397859
Spain,228.755377468363,238.555024638836,299.396821579634,298.66686494173,311.741536788179,253.926194289839,253.852589601537,286.291105162385,281.331062988995,244.641247794243,255.026462506417,272.963833732127,251.131245462936,248.53689794062,248.315821752823,305.587966814338,356.06706412764,366.869793612476,389.335114928086,445.122310495121,483.695039160193,433.792135715926,421.575990800425,419.712643189212,400.69308186547,367.129246534852,367.424162954226,325.297592078729,300.217211181935,342.920450090023,379.606217639838,363.926053847697,365.929410393656,409.548331342075,425.277401261397,497.238444393626,513.719799831815
Sweden,552.858913025957,576.941153948967,693.458118568248,684.379750041731,710.531524436544,546.785602791446,551.039082469154,527.839061474578,486.787995015565,574.989542565594,569.210536560099,573.845689144918,537.674879284131,482.2273863036,488.783591360379,593.405704523022,614.383955529593,612.34652973781,616.401775680504,700.781428897477,656.080911037092,546.933350350204,630.118381370974,671.702141493585,658.406791669037,683.208190385123,679.680462819598,552.620249877626,550.96428701047,552.935767784158,566.484465847955,570.826567994818,607.212029279763,730.567103781603,738.781157634458,832.054072515887,1137.91601953995
Switzerland,498.88177741275,465.494481580924,607.701601366514,594.899942621901,604.800326486994,522.758052360873,559.597505826593,661.826610866784,600.31830938926,493.959171216564,492.356061831318,441.721348567521,390.863602227258,383.62789078997,397.668197249044,447.501026844148,476.127172617082,470.261371031583,446.60227981412,469.778293547192,540.123753095904,526.967817481906,529.040731352514,631.842460465184,577.122706758227,625.902706669282,566.610548665374,548.740976977637,548.847190139646,549.626114302906,558.195258953214,587.566583542439,665.824395960268,632.448951839015,646.643988765985,711.203929488283,755.484776789163
United Kingdom,673.477482072512,655.983306712973,760.413775257737,818.594723031935,791.002477801081,659.409449842736,665.866987291014,659.302774991561,662.352465314328,683.386398194018,704.374789956453,694.018502435946,667.442130601696,667.803203482452,744.769492295809,877.15122628058,1004.7323118499,1021.21204906932,1055.86352397776,1198.50581750512,1180.07101053165,1028.0170023737,1019.63618930418,1052.21687119677,1026.65737383718,994.85296184128,1036.92104402243,921.197225504813,812.384657735216,787.297539188049,838.772874712676,845.049328365944,866.983320871434,966.280973536816,943.369441724626,1100.23504931137,1186.29736183385
European Union,xxx,xxx,xxx,xxx,xxx,xxx,xxx,xxx,xxx,xxx,xxx,xxx,xxx,xxx,xxx,xxx,xxx,xxx,xxx,xxx,xxx,xxx,xxx,xxx,xxx,xxx,xxx,xxx,xxx,xxx,xxx,xxx,xxx,xxx,20.1941819655473,28.3815254427766,26.4407352937887
Middle East,,,,,,,,,,,,,,,,,,,,,,,,,,,,,,,,,,,,,
Bahrain,440.439083886706,445.981812644128,473.046842149525,502.476855611499,517.139479905437,503.16273720529,499.253452780888,517.391620071164,535.455092576203,522.41641337386,521.815243738217,563.155644710448,542.360352253005,549.985857506521,614.313881286601,660.636935734329,632.47906494295,569.066377317545,596.263891650648,626.270167143627,661.10818045054,718.916223404255,693.678311881622,852.73154975072,983.511523347612,1094.72492524673,1148.96102604892,1074.53150267939,1077.69117714251,1048.36714497773,1017.08360483894,1043.34411651537,950.464975671552,966.061827956989,1054.83112141001,1045.35671199825,871.51977597942
Egypt,81.8339102997982,62.8434928942675,39.3374601741895,22.6844895580194,23.3125860240249,24.5249866140164,26.9548572603527,29.9970291338918,31.8938598288465,33.4861754239939,34.3059181727889,34.6038306815268,36.3448779905304,38.3697216558065,38.4793725259498,30.9434573574034,30.1241144386782,33.1233383598655,36.0445858289225,39.6093840698377,44.4357230996296,46.3555585100266,49.8911731386172,49.5699712513494,49.4697691068292,46.2876552051168,52.7081229337534,55.5436278498852,44.8543708872068,26.9353633699739,29.790648737478,35.103392046149,41.5395043732713,46.8857106366725,41.5768508766437,27.9061274784662,20.7324158907635
Iran,348.184489634252,291.650647322008,286.436611288091,296.215691016021,324.933441170559,23.4933601031858,27.8455249931448,40.4283436155835,56.7839923913477,73.4240848976434,85.5455402133228,102.330971009998,126.353183077593,155.060085542753,47.7253351954195,54.6201996941196,75.4629872578564,95.6924122572368,120.493938689741,125.829706449614,147.660895517243,165.632916183501,176.264638005302,183.270231186293,209.147043441521,150.192002705334,122.310025265934,129.047928422708,147.429914222775,164.985332486144,137.779363331871,56.8107142969176,38.2901855015411,64.7937260217047,83.8636007335451,82.0268041727558,86.6147539572868
Iraq,...,...,...,...,...,...,...,...,...,...,...,...,...,...,...,...,22.5949808415384,40.0185229909515,42.8882069648612,70.0390239117127,109.841176548158,109.471424273088,122.860799545144,135.635837014819,126.336751901713,225.303737960306,192.152644380905,259.097631672898,156.896531092671,190.721214193672,158.787030336338,186.50637743282,135.66528113395,112.016405163858,107.732031438162,123.769331807201,135.61935400315
Israel,1638.09384163453,1278.67087317267,1476.42861402907,2000.35344786293,1494.96900852995,1543.46141747436,1509.45567442127,1503.77962140605,1566.71737279419,1539.41469861113,1415.57052861748,1305.68231309166,1380.78987779705,1373.65110843814,1261.10269022374,1275.83080600119,1311.95691959649,1337.42200533087,1372.91872775442,1648.87771667829,1965.78090238967,1785.55759970109,1908.81986459029,2039.17166884102,1927.08233962684,2116.15341787716,2267.91659807915,2063.8448397539,2143.94473666361,2335.5456637392,2358.91643427133,2369.1584844759,2499.03433762221,2744.19160554989,2596.34770638365,2991.89727525322,4988.76832968651
Jordan,188.510708302801,117.163719759107,93.9752274414803,113.659954118859,91.5245109061566,92.2929420565041,91.4696180120529,64.2878463855797,86.2581449836226,89.1249206010132,97.2143933642339,98.0633435169729,99.2755240996427,97.1934299213233,93.9276056787107,107.795573075856,101.040449455122,101.337441130168,114.970744175532,152.908776128183,196.810139076265,221.575283859131,216.193078537838,215.862037411257,194.50830710624,190.07229379963,184.785640591341,175.497671969658,178.947878207758,191.577117023126,189.263967408472,192.052988947768,191.016955584665,198.464675727597,209.097468825492,215.937173089385,222.034662227113
Kuwait,813.81277177945,954.66241669739,3967.0369462121,11643.5837530997,3964.85376361571,1777.02178391442,1977.23785993635,2221.68202957774,1905.57644297067,1395.26369838274,1256.69250645696,1221.3421539506,1398.89813088994,1355.06320809963,1387.17889768912,1501.55703256409,1616.737940415,1609.82468266935,1569.04339187697,1689.54709917408,1717.18685172952,1545.6743319629,1511.57763356399,1786.52743260401,1829.85421525888,1662.17555492417,1625.44688392693,1531.81968225573,1642.48207168468,1656.78102225767,1695.12161332776,1668.21713503215,1554.89299849392,2081.25819837933,1879.64464233151,1617.99122379046,1595.6031051823
Lebanon,11.4964161048142,...,60.1799659344073,63.2322212739873,119.381593710936,119.645874422166,165.319875157346,190.179422560074,183.999753274794,166.543290631251,167.399734023782,196.69597553053,216.635589039815,219.546639986812,204.475594089041,205.699060943888,209.241677045141,207.574019772463,214.397625133999,240.199876166385,239.060896119023,287.598774294154,315.50374165656,321.640102171891,342.20329704932,362.697815509148,369.116416226633,342.209060779255,407.195267664779,390.884684870812,456.881945054581,394.715482186469,75.8411256064148,30.0608612398728,38.1891990216783,49.6818812362109,109.829169012505
Oman,743.621144595806,717.844029679492,841.813590588804,694.032878004994,800.614854641089,726.866217361423,737.192544766339,720.194650212381,671.898624285743,681.717854822868,597.283852124373,598.946439964161,695.4334977742,792.637617069093,803.986893141953,838.004592867222,938.447289340357,1126.23836493053,1215.37064255585,1276.39786821963,1332.74970943939,1268.35790850249,1352.76028644997,1785.33210087982,2758.91744558858,2343.30924778636,2091.55183529849,1847.36391981842,1849.44203839106,1515.0703340178,1650.3805853798,1420.74177230397,1333.56130225635,1292.71682711787,1277.55357753781,1186.24681262072,1159.39912661117
Qatar,2432.06669568056,2029.81229297019,1826.32033093927,2003.6507117044,...,...,...,...,...,...,...,...,...,...,1096.52595243373,1077.76838546069,1014.93119232935,1130.57324840764,1230.64868157247,1446.50488400488,1733.35826477188,1284.34518678421,1133.9928953222,...,...,...,...,...,...,...,...,...,...,4153.85402845095,5428.70303349345,...,...
Saudi Arabia,1423.13157146917,1291.25649854838,1575.21589778163,1500.63920237331,1344.67886427967,1376.55426324157,1144.11772560959,1013.92324039225,983.77581120944,1285.39687042027,1424.29166382194,1205.50108574061,1267.81397514871,1266.05651894669,1058.76204101097,1021.82736505514,1087.6105274108,1262.46898029751,1408.1262123637,1618.79937057517,1674.60825118656,1737.56631578947,1832.87556545811,1893.59449581854,2125.41820279387,2433.28613440802,2832.67510785311,2956.95664462156,2090.09978991597,2273.09418488263,2438.7875618313,2168.8511353707,2095.43964425979,2027.22441429014,2252.64428421688,2366.06119613391,2386.46108750978
Syria,321.374529331034,123.844120304442,132.637076845513,226.432587108894,225.82278703452,104.9371036126,116.870207563025,66.4469907706652,67.1540721374413,68.795371339502,70.1824635366355,70.3714963248259,54.5913405948269,60.7056861739488,63.9035956260296,81.2428291404269,76.7109542835174,78.0877971608459,75.3196374853905,79.0856977627494,80.3943035826253,100.440737488115,105.534020828267,109.737738427464,...,...,...,...,...,...,...,...,...,...,...,...,...
Türkiye,...,...,...,...,...,...,...,...,...,...,...,...,...,...,...,...,...,...,...,...,...,...,...,...,...,...,...,...,...,...,...,...,...,...,...,...,...
United Arab Emirates,...,...,...,...,...,...,...,...,...,1232.27437808825,1369.65408980497,1342.55747872783,1738.92687203689,1606.97278115797,1394.66487312419,1432.18397027356,1581.276324011,1452.43469500833,1498.41460730747,1615.92701936273,1924.44394078317,2098.96105269419,2565.91865623551,2718.88820649193,2590.42729110402,3079.87737868009,2839.4149584721,...,...,...,...,...,...,...,...,...,...
"Yemen, North",...,...,xxx,xxx,xxx,xxx,xxx,xxx,xxx,xxx,xxx,xxx,xxx,xxx,xxx,xxx,xxx,xxx,xxx,xxx,xxx,xxx,xxx,xxx,xxx,xxx,xxx,xxx,xxx,xxx,xxx,xxx,xxx,xxx,xxx,xxx,xxx
Yemen,...,...,59.2519429910533,72.639909331464,88.8684908072629,100.534122731125,148.433791575998,49.008293475518,24.4193843870677,22.5737943401041,21.1753899278622,21.0981614854761,24.5104285874024,27.1080856638646,35.9182886668958,38.1852825692965,33.7827903145787,36.3810814034264,35.4963315944717,43.908019401105,48.4161614618487,55.6882869170744,54.9729862486268,59.3482457264614,57.8157188110022,57.1134309104775,57.6258768629433,...,...,...,...,...,...,...,...,...,...
